Site,DeepLearningSystem,Score,Sensitivity,Specificity,PPV,NPV,nnt,XpertSaved%
MDF,qXRv3,0,100.0% (99.914-100.00000%),0.0% (0.0000-0.0430%),33.4% (32.606865-34.24314%),NA (0.0000000-100.000000%),3 (2.9-3.1),0
MDF,qXRv3,1,100.0% (99.914-100.00000%),0.0% (0.0000-0.0430%),33.4% (32.606865-34.24314%),NA (0.0000000-100.000000%),3 (2.9-3.1),0
MDF,qXRv3,2,99.9% (99.697-99.94887%),7.5% (6.9441-8.0698%),35.1% (34.297970-35.99747%),99.1% (97.9986820-99.659991%),2.8 (2.8-2.9),0.05034911
MDF,qXRv3,3,99.4% (99.089-99.58658%),25.9% (24.9326-26.7967%),40.2% (39.286402-41.15864%),98.8% (98.2557410-99.206330%),2.5 (2.4-2.5),0.1742436
MDF,qXRv3,4,99.1% (98.764-99.35548%),33.4% (32.3976-34.4046%),42.8% (41.780991-43.73150%),98.7% (98.1692690-99.043647%),2.3 (2.3-2.4),0.2253685
MDF,qXRv3,5,98.9% (98.499-99.15738%),37.2% (36.1934-38.2502%),44.1% (43.154255-45.14616%),98.5% (98.0073180-98.880158%),2.3 (2.2-2.3),0.25159038
MDF,qXRv3,6,98.7% (98.289-98.99638%),39.8% (38.7548-40.8373%),45.1% (44.128277-46.14868%),98.4% (97.8781540-98.754279%),2.2 (2.2-2.3),0.26935609
MDF,qXRv3,7,98.5% (98.133-98.87447%),41.9% (40.8316-42.9306%),46.0% (44.955811-46.99951%),98.3% (97.8012070-98.673738%),2.2 (2.1-2.2),0.2837083
MDF,qXRv3,8,98.4% (97.951-98.73119%),43.8% (42.7361-44.8468%),46.8% (45.735082-47.80043%),98.2% (97.6952150-98.571789%),2.1 (2.1-2.2),0.2969744
MDF,qXRv3,9,98.1% (97.694-98.52483%),45.5% (44.4096-46.5280%),47.5% (46.421340-48.50623%),98.0% (97.5057380-98.403822%),2.1 (2.1-2.2),0.30892164
MDF,qXRv3,10,98.1% (97.668-98.50410%),47.0% (45.9564-48.0797%),48.2% (47.125969-49.22810%),98.0% (97.5599080-98.434185%),2.1 (2-2.1),0.3193173
MDF,qXRv3,11,98.0% (97.540-98.40020%),48.3% (47.2481-49.3739%),48.8% (47.706064-49.82306%),98.0% (97.4963410-98.371420%),2.1 (2-2.1),0.32831652
MDF,qXRv3,12,97.9% (97.464-98.33769%),49.7% (48.5987-50.7257%),49.4% (48.342659-50.47494%),98.0% (97.4887840-98.354150%),2 (2-2.1),0.33754849
MDF,qXRv3,13,97.7% (97.260-98.17038%),50.7% (49.5889-51.7157%),49.9% (48.785877-50.93006%),97.8% (97.3436830-98.226485%),2 (2-2),0.34476338
MDF,qXRv3,14,97.6% (97.108-98.04438%),51.4% (50.3580-52.4842%),50.2% (49.138165-51.29159%),97.7% (97.2406310-98.134632%),2 (1.9-2),0.35034911
MDF,qXRv3,15,97.5% (96.956-97.91796%),52.3% (51.1973-53.3222%),50.6% (49.532822-51.69625%),97.6% (97.1449000-98.047847%),2 (1.9-2),0.35640031
MDF,qXRv3,16,97.3% (96.729-97.72765%),53.2% (52.1769-54.2995%),51.1% (49.990797-52.16618%),97.5% (96.9925640-97.911784%),2 (1.9-2),0.36361521
MDF,qXRv3,17,97.2% (96.628-97.64282%),54.1% (53.0403-55.1602%),51.5% (50.426775-52.61213%),97.4% (96.9505830-97.869368%),1.9 (1.9-2),0.36966641
MDF,qXRv3,18,97.0% (96.477-97.51532%),54.7% (53.6821-55.7996%),51.8% (50.738058-52.93125%),97.3% (96.8543490-97.782577%),1.9 (1.9-2),0.37439876
MDF,qXRv3,19,96.9% (96.377-97.43014%),55.4% (54.3825-56.4970%),52.2% (51.098524-53.29987%),97.3% (96.8069430-97.736658%),1.9 (1.9-2),0.37936385
MDF,qXRv3,20,96.9% (96.302-97.36618%),56.0% (54.9080-57.0199%),52.5% (51.372732-53.58018%),97.3% (96.7722610-97.702931%),1.9 (1.9-1.9),0.38308766
MDF,qXRv3,21,96.8% (96.176-97.25943%),56.4% (55.3635-57.4730%),52.7% (51.598578-53.81167%),97.2% (96.6923850-97.630998%),1.9 (1.9-1.9),0.38650116
MDF,qXRv3,22,96.7% (96.151-97.23806%),57.1% (56.0878-58.1931%),53.1% (52.005003-54.22595%),97.2% (96.7122100-97.642404%),1.9 (1.8-1.9),0.39138867
MDF,qXRv3,23,96.7% (96.076-97.17390%),57.6% (56.5785-58.6808%),53.4% (52.270048-54.49665%),97.2% (96.6776810-97.609020%),1.9 (1.8-1.9),0.39487975
MDF,qXRv3,24,96.6% (96.026-97.13109%),58.0% (56.9291-59.0291%),53.6% (52.462137-54.69275%),97.1% (96.6563290-97.588007%),1.9 (1.8-1.9),0.3973623
MDF,qXRv3,25,96.2% (95.628-96.78769%),58.6% (57.5604-59.6558%),53.9% (52.736757-54.97661%),96.9% (96.3701280-97.335855%),1.9 (1.8-1.9),0.40279286
MDF,qXRv3,26,96.2% (95.553-96.72313%),59.1% (58.0047-60.0968%),54.1% (52.983297-55.22828%),96.8% (96.3370240-97.303665%),1.8 (1.8-1.9),0.40597362
MDF,qXRv3,27,96.1% (95.429-96.61541%),59.6% (58.5076-60.5957%),54.4% (53.255770-55.50681%),96.8% (96.2688000-97.240425%),1.8 (1.8-1.9),0.40969744
MDF,qXRv3,28,95.9% (95.255-96.46438%),60.1% (59.0223-61.1060%),54.7% (53.526751-55.78429%),96.7% (96.1639250-97.144955%),1.8 (1.8-1.9),0.413654
MDF,qXRv3,29,95.7% (95.082-96.31310%),60.4% (59.3850-61.4655%),54.8% (53.707310-55.96979%),96.6% (96.0517170-97.043945%),1.8 (1.8-1.9),0.41660202
MDF,qXRv3,30,95.6% (94.958-96.20489%),60.8% (59.7478-61.8250%),55.0% (53.901922-56.16898%),96.5% (95.9792270-96.977526%),1.8 (1.8-1.9),0.41939488
MDF,qXRv3,31,95.5% (94.859-96.11824%),61.2% (60.2042-62.2771%),55.3% (54.163436-56.43582%),96.5% (95.9325880-96.932992%),1.8 (1.8-1.8),0.4227308
MDF,qXRv3,32,95.4% (94.686-95.96643%),61.8% (60.7544-62.8218%),55.6% (54.469407-56.74858%),96.4% (95.8368680-96.844434%),1.8 (1.8-1.8),0.42692009
MDF,qXRv3,33,95.3% (94.587-95.87959%),62.2% (61.1642-63.2274%),55.9% (54.707621-56.99160%),96.3% (95.7892580-96.799255%),1.8 (1.8-1.8),0.42994569
MDF,qXRv3,34,95.2% (94.513-95.81441%),62.6% (61.5624-63.6213%),56.1% (54.946901-57.23535%),96.3% (95.7599010-96.770258%),1.8 (1.7-1.8),0.43281614
MDF,qXRv3,35,95.1% (94.366-95.68394%),63.1% (62.0896-64.1425%),56.4% (55.255028-57.54974%),96.2% (95.6849080-96.699866%),1.8 (1.7-1.8),0.43677269
MDF,qXRv3,36,94.8% (94.119-95.46619%),63.6% (62.5934-64.6404%),56.7% (55.527549-57.82905%),96.1% (95.5381960-96.565842%),1.8 (1.7-1.8),0.44088441
MDF,qXRv3,37,94.7% (93.947-95.31354%),64.3% (63.2731-65.3119%),57.1% (55.941294-58.25061%),96.0% (95.4593540-96.490505%),1.8 (1.7-1.8),0.44592708
MDF,qXRv3,38,94.4% (93.677-95.07331%),64.7% (63.7186-65.7517%),57.3% (56.177352-58.49305%),95.8% (95.2966270-96.341952%),1.7 (1.7-1.8),0.44972847
MDF,qXRv3,39,94.2% (93.432-94.85457%),65.1% (64.1173-66.1451%),57.6% (56.390417-58.71186%),95.7% (95.1508510-96.208469%),1.7 (1.7-1.8),0.45314197
MDF,qXRv3,40,93.9% (93.187-94.63552%),65.6% (64.6216-66.6425%),57.8% (56.680005-59.00813%),95.6% (95.0150670-96.082773%),1.7 (1.7-1.8),0.45725369
MDF,qXRv3,41,93.8% (93.065-94.52588%),66.0% (65.0322-67.0474%),58.1% (56.938272-59.27114%),95.5% (94.9596210-96.029769%),1.7 (1.7-1.8),0.46035687
MDF,qXRv3,42,93.6% (92.869-94.35031%),66.3% (65.3372-67.3480%),58.3% (57.105817-59.44311%),95.4% (94.8468430-95.925905%),1.7 (1.7-1.8),0.46299457
MDF,qXRv3,43,93.5% (92.772-94.26246%),66.7% (65.6893-67.6949%),58.5% (57.333322-59.67457%),95.4% (94.8056890-95.886086%),1.7 (1.7-1.7),0.46563227
MDF,qXRv3,44,93.4% (92.650-94.15258%),67.1% (66.1235-68.1226%),58.8% (57.616668-59.96275%),95.3% (94.7545030-95.836559%),1.7 (1.7-1.7),0.46889061
MDF,qXRv3,45,93.3% (92.479-93.99864%),67.6% (66.5579-68.5502%),59.1% (57.891316-60.24262%),95.2% (94.6712110-95.757981%),1.7 (1.7-1.7),0.47230411
MDF,qXRv3,46,93.1% (92.308-93.84458%),67.9% (66.8749-68.8622%),59.3% (58.082428-60.43795%),95.1% (94.5803810-95.673375%),1.7 (1.7-1.7),0.47494182
MDF,qXRv3,47,93.0% (92.211-93.75649%),68.3% (67.2859-69.2665%),59.5% (58.364192-60.72397%),95.1% (94.5462920-95.639348%),1.7 (1.6-1.7),0.47796742
MDF,qXRv3,48,92.9% (92.064-93.62428%),68.6% (67.6031-69.5784%),59.8% (58.565989-60.92969%),95.0% (94.4734130-95.570856%),1.7 (1.6-1.7),0.48052754
MDF,qXRv3,49,92.6% (91.821-93.40375%),69.1% (68.1318-70.0981%),60.1% (58.906845-61.27702%),94.9% (94.3537730-95.458191%),1.7 (1.6-1.7),0.48479441
MDF,qXRv3,50,92.5% (91.699-93.29340%),69.6% (68.6489-70.6060%),60.5% (59.274968-61.65023%),94.9% (94.3142100-95.418283%),1.7 (1.6-1.7),0.48859581
MDF,qXRv3,51,92.3% (91.481-93.09462%),70.0% (69.0485-70.9984%),60.7% (59.531864-61.91223%),94.8% (94.2037040-95.314658%),1.6 (1.6-1.7),0.49193173
MDF,qXRv3,52,92.1% (91.238-92.87356%),70.4% (69.4365-71.3792%),61.0% (59.776764-62.16236%),94.7% (94.0783710-95.197431%),1.6 (1.6-1.7),0.49526765
MDF,qXRv3,53,92.0% (91.116-92.76295%),71.0% (69.9775-71.9099%),61.4% (60.178363-62.56890%),94.6% (94.0437290-95.161704%),1.6 (1.6-1.7),0.4992242
MDF,qXRv3,54,91.7% (90.874-92.54159%),71.2% (70.2598-72.1867%),61.5% (60.345323-62.74027%),94.5% (93.9130230-95.040102%),1.6 (1.6-1.7),0.50186191
MDF,qXRv3,55,91.6% (90.728-92.40867%),71.7% (70.6951-72.6134%),61.9% (60.663861-63.06312%),94.4% (93.8566420-94.985209%),1.6 (1.6-1.6),0.50519783
MDF,qXRv3,56,91.4% (90.510-92.20918%),72.3% (71.3777-73.2820%),62.4% (61.174561-63.58026%),94.4% (93.7758810-94.906086%),1.6 (1.6-1.6),0.51039566
MDF,qXRv3,57,91.2% (90.268-91.98734%),72.8% (71.8251-73.7199%),62.7% (61.490222-63.90110%),94.3% (93.6630410-94.799214%),1.6 (1.6-1.6),0.51411947
MDF,qXRv3,58,90.7% (89.833-91.58760%),73.2% (72.2726-74.1577%),63.0% (61.762104-64.18026%),94.0% (93.4346050-94.585860%),1.6 (1.6-1.6),0.51846393
MDF,qXRv3,59,90.5% (89.567-91.34305%),73.8% (72.8144-74.6875%),63.4% (62.163823-64.58770%),93.9% (93.3196110-94.475861%),1.6 (1.5-1.6),0.52288596
MDF,qXRv3,60,90.0% (89.036-90.85338%),74.2% (73.2504-75.1135%),63.6% (62.412285-64.84439%),93.6% (93.0399980-94.214478%),1.6 (1.5-1.6),0.52746315
MDF,qXRv3,61,89.6% (88.675-90.51909%),74.6% (73.7101-75.5624%),64.0% (62.729667-65.16805%),93.5% (92.8666670-94.050631%),1.6 (1.5-1.6),0.53165244
MDF,qXRv3,62,89.4% (88.410-90.27375%),75.0% (74.0873-75.9306%),64.2% (63.002428-65.44550%),93.4% (92.7449600-93.934997%),1.6 (1.5-1.6),0.53498836
MDF,qXRv3,63,89.1% (88.121-90.00591%),75.6% (74.6534-76.4828%),64.7% (63.446601-65.89520%),93.2% (92.6278630-93.822067%),1.5 (1.5-1.6),0.53964313
MDF,qXRv3,64,88.7% (87.760-89.67084%),76.1% (75.1371-76.9543%),65.0% (63.804370-66.25894%),93.1% (92.4641420-93.666308%),1.5 (1.5-1.6),0.54398759
MDF,qXRv3,65,88.4% (87.375-89.31312%),76.6% (75.6445-77.4486%),65.4% (64.185495-66.64625%),92.9% (92.2917290-93.502043%),1.5 (1.5-1.6),0.54856478
MDF,qXRv3,66,88.0% (86.943-88.91031%),77.0% (76.0813-77.8738%),65.7% (64.493996-66.96126%),92.7% (92.0887950-93.309603%),1.5 (1.5-1.6),0.55283165
MDF,qXRv3,67,87.5% (86.463-88.46230%),77.5% (76.5890-78.3678%),66.1% (64.865755-67.34015%),92.5% (91.8693090-93.100828%),1.5 (1.5-1.5),0.55771916
MDF,qXRv3,68,87.1% (86.104-88.12600%),78.0% (77.0852-78.8501%),66.5% (65.264709-67.74442%),92.4% (91.7184680-92.956005%),1.5 (1.5-1.5),0.56214119
MDF,qXRv3,69,86.9% (85.840-87.87923%),78.5% (77.6524-79.4011%),67.0% (65.768185-68.25161%),92.3% (91.6291130-92.868052%),1.5 (1.5-1.5),0.56671839
MDF,qXRv3,70,86.4% (85.290-87.36285%),79.0% (78.1726-79.9060%),67.4% (66.161068-68.65195%),92.0% (91.3818850-92.632395%),1.5 (1.5-1.5),0.57191621
MDF,qXRv3,71,85.9% (84.787-86.89090%),79.6% (78.6811-80.3992%),67.8% (66.563513-69.06096%),91.8% (91.1636140-92.423608%),1.5 (1.4-1.5),0.5768813
MDF,qXRv3,72,85.3% (84.238-86.37354%),80.1% (79.2253-80.9266%),68.3% (67.001597-69.50597%),91.6% (90.9277300-92.197652%),1.5 (1.4-1.5),0.58223429
MDF,qXRv3,73,85.1% (83.951-86.10341%),80.8% (79.9948-81.6715%),69.0% (67.764364-70.27045%),91.5% (90.8560000-92.124276%),1.4 (1.4-1.5),0.58820791
MDF,qXRv3,74,84.5% (83.426-85.60785%),81.4% (80.5278-82.1868%),69.5% (68.223829-70.73554%),91.3% (90.6387660-91.915522%),1.4 (1.4-1.5),0.59340574
MDF,qXRv3,75,83.9% (82.734-84.95399%),82.1% (81.2981-82.9308%),70.2% (68.925736-71.44378%),91.0% (90.3654850-91.651742%),1.4 (1.4-1.5),0.60069822
MDF,qXRv3,76,83.0% (81.877-84.14136%),82.7% (81.9029-83.5142%),70.7% (69.415977-71.94351%),90.7% (89.9980890-91.299686%),1.4 (1.4-1.4),0.60744763
MDF,qXRv3,77,82.1% (80.878-83.19204%),83.5% (82.7098-84.2914%),71.4% (70.132993-72.66999%),90.3% (89.5912860-90.907958%),1.4 (1.4-1.4),0.61598138
MDF,qXRv3,78,81.4% (80.165-82.51319%),84.2% (83.4341-84.9881%),72.1% (70.850239-73.39148%),90.0% (89.3243460-90.648956%),1.4 (1.4-1.4),0.62304112
MDF,qXRv3,79,80.4% (79.144-81.53910%),85.1% (84.3018-85.8212%),73.0% (71.703747-74.25145%),89.6% (88.9330290-90.270103%),1.4 (1.3-1.4),0.63204034
MDF,qXRv3,80,78.7% (77.461-79.92815%),85.9% (85.1821-86.6647%),73.7% (72.451977-75.01671%),88.9% (88.2463540-89.608441%),1.4 (1.3-1.4),0.64328937
MDF,qXRv3,81,77.3% (75.970-78.49624%),86.9% (86.2064-87.6439%),74.8% (73.500362-76.07365%),88.4% (87.6874000-89.065979%),1.3 (1.3-1.4),0.65484872
MDF,qXRv3,82,75.7% (74.410-76.99381%),87.9% (87.1486-88.5422%),75.8% (74.481377-77.06346%),87.8% (87.1068430-88.502135%),1.3 (1.3-1.3),0.66609775
MDF,qXRv3,83,73.7% (72.382-75.03278%),88.8% (88.1518-89.4959%),76.8% (75.509298-78.10532%),87.1% (86.3509080-87.767769%),1.3 (1.3-1.3),0.67928627
MDF,qXRv3,84,71.6% (70.239-72.95395%),89.8% (89.1087-90.4027%),77.8% (76.519203-79.12975%),86.3% (85.5692570-87.006941%),1.3 (1.3-1.3),0.69255237
MDF,qXRv3,85,69.4% (68.005-70.77986%),90.9% (90.3072-91.5338%),79.4% (78.024207-80.63499%),85.6% (84.8130980-86.266947%),1.3 (1.2-1.3),0.70768037
MDF,qXRv3,86,66.3% (64.908-67.75290%),91.9% (91.3163-92.4816%),80.5% (79.118870-81.75422%),84.5% (83.7213870-85.201140%),1.2 (1.2-1.3),0.72443755
MDF,qXRv3,87,63.0% (61.491-64.39716%),93.0% (92.4485-93.5393%),81.9% (80.529309-83.18226%),83.3% (82.5751920-84.078104%),1.2 (1.2-1.2),0.74305663
MDF,qXRv3,88,59.0% (57.474-60.43409%),94.0% (93.4514-94.4700%),83.1% (81.711318-84.40103%),82.0% (81.2461620-82.774283%),1.2 (1.2-1.2),0.76283941
MDF,qXRv3,89,54.3% (52.769-55.76702%),94.9% (94.3851-95.3301%),84.2% (82.749724-85.50042%),80.5% (79.7325550-81.286222%),1.2 (1.2-1.2),0.7844841
MDF,qXRv3,90,48.8% (47.336-50.34400%),95.9% (95.4327-96.2860%),85.6% (84.147303-86.96339%),78.9% (78.0765610-79.652689%),1.2 (1.1-1.2),0.80930954
MDF,qXRv3,91,43.2% (41.736-44.71699%),96.8% (96.3886-97.1471%),87.1% (85.595114-88.48384%),77.3% (76.4463840-78.040322%),1.1 (1.1-1.2),0.83413499
MDF,qXRv3,92,37.3% (35.833-38.74326%),97.7% (97.3154-97.9674%),88.9% (87.335651-90.28997%),75.6% (74.8097610-76.417398%),1.1 (1.1-1.1),0.85981381
MDF,qXRv3,93,30.2% (28.877-31.64233%),98.4% (98.1408-98.6795%),90.6% (88.985618-92.07006%),73.8% (72.9439530-74.564036%),1.1 (1.1-1.1),0.88844065
MDF,qXRv3,94,22.9% (21.640-24.17191%),99.1% (98.8928-99.3017%),92.8% (91.124412-94.32054%),71.9% (71.0946270-72.722780%),1.1 (1.1-1.1),0.91761055
MDF,qXRv3,95,14.5% (13.491-15.61909%),99.6% (99.4197-99.7060%),94.6% (92.550604-96.16254%),69.9% (69.0669360-70.701147%),1.1 (1-1.1),0.94864236
MDF,qXRv3,96,7.4% (6.618-8.20328%),99.8% (99.6687-99.8756%),94.6% (91.665346-96.79448%),68.2% (67.3946490-69.031500%),1.1 (1-1.1),0.97393328
MDF,qXRv3,97,2.1% (1.704-2.58723%),100.0% (99.9158-99.9972%),97.8% (92.446703-99.73849%),67.0% (66.2248620-67.861307%),1 (1-1.1),0.9927851
MDF,qXRv3,98,0.2% (0.096-0.39621%),100.0% (99.9570-100.0000%),100.0% (66.373288-100.00000%),66.6% (65.8033610-67.439645%),1 (1-1.5),0.99930178
MDF,qXRv3,99,0.0% (0.000-0.08559%),100.0% (99.9570-100.0000%),NA (0.000000-100.00000%),66.6% (65.7568600-67.393135%),NaN (1-Inf),1
MDF,qXRv3,100,0.0% (0.000-0.08559%),100.0% (99.9570-100.0000%),NA (0.000000-100.00000%),66.6% (65.7568600-67.393135%),NaN (1-Inf),1
MDF,qXRv2,0,100.0% (99.914-100.00000%),0.0% (0.0000-0.0430%),33.4% (32.606865-34.24314%),NA (0.0000000-100.000000%),3 (2.9-3.1),0
MDF,qXRv2,1,100.0% (99.914-100.00000%),0.0% (0.0000-0.0430%),33.4% (32.606865-34.24314%),NA (0.0000000-100.000000%),3 (2.9-3.1),0
MDF,qXRv2,2,100.0% (99.914-100.00000%),0.0% (0.0000-0.0430%),33.4% (32.606865-34.24314%),NA (0.0000000-100.000000%),3 (2.9-3.1),0
MDF,qXRv2,3,100.0% (99.914-100.00000%),0.2% (0.1154-0.3170%),33.5% (32.650186-34.28808%),100.0% (80.4935680-100.000000%),3 (2.9-3.1),0.00131885
MDF,qXRv2,4,100.0% (99.871-99.99941%),1.5% (1.2991-1.8340%),33.8% (32.943698-34.59272%),99.3% (95.9122960-99.981108%),3 (2.9-3),0.01039566
MDF,qXRv2,5,99.9% (99.797-99.98564%),4.1% (3.6697-4.5185%),34.3% (33.506901-35.17709%),99.2% (97.5365700-99.824395%),2.9 (2.8-3),0.02738557
MDF,qXRv2,6,99.8% (99.665-99.93465%),8.1% (7.4846-8.6476%),35.3% (34.428551-36.13294%),99.0% (97.9446870-99.595872%),2.8 (2.8-2.9),0.0541505
MDF,qXRv2,7,99.8% (99.604-99.90443%),12.0% (11.3555-12.7440%),36.3% (35.418059-37.15789%),99.1% (98.3667410-99.604312%),2.8 (2.7-2.8),0.08083786
MDF,qXRv2,8,99.5% (99.284-99.71620%),16.4% (15.6629-17.2428%),37.4% (36.533270-38.31386%),98.6% (97.8497010-99.144261%),2.7 (2.6-2.7),0.11101629
MDF,qXRv2,9,99.4% (99.145-99.62411%),20.7% (19.8301-21.5555%),38.6% (37.712801-39.53393%),98.6% (97.9565130-99.099222%),2.6 (2.5-2.7),0.13964313
MDF,qXRv2,10,99.3% (99.007-99.52968%),24.4% (23.5402-25.3702%),39.8% (38.824614-40.68289%),98.6% (97.9935330-99.046864%),2.5 (2.5-2.6),0.16508922
MDF,qXRv2,11,99.1% (98.818-99.39458%),27.2% (26.2571-28.1513%),40.6% (39.662203-41.54844%),98.4% (97.8553860-98.898930%),2.5 (2.4-2.5),0.18394104
MDF,qXRv2,12,98.8% (98.420-99.09723%),29.9% (28.9208-30.8692%),41.4% (40.474103-42.38874%),98.0% (97.4023860-98.512535%),2.4 (2.4-2.5),0.2030256
MDF,qXRv2,13,98.5% (98.107-98.85407%),32.2% (31.1840-33.1721%),42.2% (41.198589-43.13779%),97.7% (97.1161310-98.251033%),2.4 (2.3-2.4),0.21916214
MDF,qXRv2,14,98.3% (97.900-98.69007%),34.4% (33.4384-35.4605%),43.0% (41.972916-43.93674%),97.6% (97.0148120-98.134972%),2.3 (2.3-2.4),0.23491078
MDF,qXRv2,15,98.2% (97.720-98.54554%),36.1% (35.0470-37.0902%),43.5% (42.537228-44.51894%),97.5% (96.9075430-98.024620%),2.3 (2.2-2.4),0.24623739
MDF,qXRv2,16,98.0% (97.566-98.42101%),37.6% (36.5757-38.6367%),44.1% (43.093008-45.09184%),97.4% (96.8362480-97.945005%),2.3 (2.2-2.3),0.25694337
MDF,qXRv2,17,97.8% (97.362-98.25414%),38.9% (37.8504-39.9245%),44.6% (43.550972-45.56443%),97.3% (96.6885700-97.806124%),2.2 (2.2-2.3),0.26609775
MDF,qXRv2,18,97.7% (97.158-98.08643%),40.2% (39.1955-41.2819%),45.1% (44.049168-46.07816%),97.2% (96.5574780-97.679424%),2.2 (2.2-2.3),0.27571761
MDF,qXRv2,19,97.6% (97.082-98.02334%),41.5% (40.4950-42.5916%),45.6% (44.571126-46.61483%),97.2% (96.5758110-97.678219%),2.2 (2.1-2.2),0.28463926
MDF,qXRv2,20,97.5% (97.006-97.96015%),42.7% (41.6908-43.7954%),46.1% (45.061457-47.11877%),97.2% (96.5850390-97.671426%),2.2 (2.1-2.2),0.29286268
MDF,qXRv2,21,97.4% (96.905-97.87574%),43.8% (42.7710-44.8818%),46.5% (45.506479-47.57626%),97.1% (96.5578700-97.635959%),2.1 (2.1-2.2),0.3003879
MDF,qXRv2,22,97.3% (96.754-97.74884%),44.7% (43.6889-45.8043%),46.9% (45.876596-47.95727%),97.0% (96.4668230-97.548658%),2.1 (2.1-2.2),0.30698216
MDF,qXRv2,23,97.1% (96.578-97.60036%),45.5% (44.4910-46.6097%),47.2% (46.195169-48.28559%),96.9% (96.3450330-97.436320%),2.1 (2.1-2.2),0.3128782
MDF,qXRv2,24,96.9% (96.352-97.40883%),46.3% (45.2701-47.3914%),47.5% (46.496570-48.59673%),96.8% (96.1755900-97.283021%),2.1 (2.1-2.2),0.31877424
MDF,qXRv2,25,96.8% (96.176-97.25943%),47.3% (46.2007-48.3246%),47.9% (46.886074-48.99752%),96.7% (96.0746850-97.186092%),2.1 (2-2.1),0.32552366
MDF,qXRv2,26,96.6% (96.001-97.10968%),47.9% (46.8523-48.9776%),48.2% (47.150736-49.27035%),96.5% (95.9556160-97.076336%),2.1 (2-2.1),0.33041117
MDF,qXRv2,27,96.4% (95.852-96.98105%),48.7% (47.6439-49.7702%),48.6% (47.492585-49.62187%),96.5% (95.8756370-96.998515%),2.1 (2-2.1),0.33615206
MDF,qXRv2,28,96.4% (95.802-96.93812%),49.6% (48.4939-50.6208%),49.0% (47.893286-50.03244%),96.5% (95.8968750-97.007766%),2 (2-2.1),0.34197052
MDF,qXRv2,29,96.4% (95.752-96.89517%),50.1% (49.0646-51.1917%),49.2% (48.162300-50.30816%),96.5% (95.8955180-97.000586%),2 (2-2.1),0.34592708
MDF,qXRv2,30,96.1% (95.478-96.65851%),50.7% (49.6588-51.7856%),49.5% (48.391478-50.54544%),96.3% (95.6908570-96.816359%),2 (2-2.1),0.35073701
MDF,qXRv2,31,95.9% (95.255-96.46438%),51.4% (50.3813-52.5075%),49.8% (48.701500-50.86481%),96.1% (95.5476640-96.683632%),2 (2-2.1),0.35624515
MDF,qXRv2,32,95.8% (95.131-96.35634%),52.0% (50.8942-53.0196%),50.0% (48.933287-51.10307%),96.1% (95.4794650-96.618489%),2 (2-2),0.36004655
MDF,qXRv2,33,95.5% (94.884-96.13991%),52.6% (51.5238-53.6480%),50.3% (49.197879-51.37614%),95.9% (95.3140880-96.466511%),2 (1.9-2),0.36501164
MDF,qXRv2,34,95.4% (94.760-96.03152%),53.2% (52.1769-54.2995%),50.6% (49.509764-51.69610%),95.9% (95.2621350-96.413926%),2 (1.9-2),0.36974399
MDF,qXRv2,35,95.2% (94.563-95.85786%),53.7% (52.6436-54.7648%),50.8% (49.708193-51.90093%),95.7% (95.1324190-96.294454%),2 (1.9-2),0.3734678
MDF,qXRv2,36,95.1% (94.439-95.74919%),54.3% (53.2503-55.3695%),51.1% (50.003072-52.20338%),95.7% (95.0801000-96.241878%),2 (1.9-2),0.37788984
MDF,qXRv2,37,95.0% (94.292-95.61866%),54.9% (53.8572-55.9740%),51.4% (50.296051-52.50408%),95.6% (95.0085390-96.172200%),1.9 (1.9-2),0.38238945
MDF,qXRv2,38,94.9% (94.218-95.55333%),55.5% (54.4292-56.5435%),51.7% (50.592515-52.80742%),95.6% (94.9965630-96.155813%),1.9 (1.9-2),0.38642358
MDF,qXRv2,39,94.7% (93.996-95.35717%),56.0% (54.9780-57.0896%),52.0% (50.842732-53.06515%),95.5% (94.8625480-96.031014%),1.9 (1.9-2),0.39076804
MDF,qXRv2,40,94.7% (93.972-95.33535%),56.6% (55.5036-57.6124%),52.2% (51.132920-53.36137%),95.5% (94.8880460-96.048558%),1.9 (1.9-2),0.3943367
MDF,qXRv2,41,94.5% (93.824-95.20439%),56.9% (55.8775-57.9841%),52.4% (51.308625-53.54217%),95.4% (94.8017600-95.967879%),1.9 (1.9-1.9),0.39728472
MDF,qXRv2,42,94.5% (93.726-95.11702%),57.4% (56.3682-58.4718%),52.7% (51.565950-53.80558%),95.4% (94.7659490-95.931088%),1.9 (1.9-1.9),0.40085337
MDF,qXRv2,43,94.3% (93.530-94.94210%),57.9% (56.8590-58.9594%),52.9% (51.801555-54.04791%),95.3% (94.6537600-95.825888%),1.9 (1.9-1.9),0.40473235
MDF,qXRv2,44,94.2% (93.408-94.83268%),58.5% (57.4318-59.5282%),53.2% (52.107351-54.36084%),95.2% (94.6081030-95.779423%),1.9 (1.8-1.9),0.40892164
MDF,qXRv2,45,94.0% (93.236-94.67935%),58.9% (57.8995-59.9924%),53.5% (52.342091-54.60188%),95.1% (94.5165870-95.692750%),1.9 (1.8-1.9),0.41256788
MDF,qXRv2,46,93.8% (93.089-94.54781%),59.5% (58.4257-60.5145%),53.8% (52.621416-54.88797%),95.1% (94.4505680-95.628348%),1.9 (1.8-1.9),0.41652444
MDF,qXRv2,47,93.5% (92.772-94.26246%),59.9% (58.8468-60.9321%),53.9% (52.796459-55.06985%),94.9% (94.2476340-95.441361%),1.9 (1.8-1.9),0.42032583
MDF,qXRv2,48,93.4% (92.601-94.10861%),60.3% (59.2446-61.3264%),54.1% (52.996977-55.27591%),94.8% (94.1556520-95.354436%),1.8 (1.8-1.9),0.42350659
MDF,qXRv2,49,93.2% (92.357-93.88861%),60.8% (59.7478-61.8250%),54.4% (53.246615-55.53278%),94.6% (94.0207580-95.227506%),1.8 (1.8-1.9),0.42761831
MDF,qXRv2,50,93.0% (92.235-93.77852%),61.2% (60.1691-62.2423%),54.6% (53.479591-55.77119%),94.6% (93.9700780-95.177548%),1.8 (1.8-1.9),0.43079907
MDF,qXRv2,51,92.8% (92.016-93.58020%),61.7% (60.7076-62.7755%),54.9% (53.764754-56.06377%),94.5% (93.8603730-95.072842%),1.8 (1.8-1.9),0.43506594
MDF,qXRv2,52,92.6% (91.748-93.33754%),62.2% (61.1994-63.2621%),55.2% (54.011451-56.31776%),94.3% (93.7136480-94.934718%),1.8 (1.8-1.9),0.43917766
MDF,qXRv2,53,92.3% (91.481-93.09462%),62.7% (61.6913-63.7487%),55.4% (54.261841-56.57545%),94.2% (93.5698250-94.798971%),1.8 (1.8-1.8),0.44328937
MDF,qXRv2,54,92.2% (91.384-93.00622%),63.2% (62.2067-64.2583%),55.7% (54.575700-56.89547%),94.2% (93.5504350-94.776440%),1.8 (1.8-1.8),0.44701319
MDF,qXRv2,55,92.0% (91.189-92.82932%),63.7% (62.6637-64.7099%),56.0% (54.829401-57.15549%),94.1% (93.4581330-94.687854%),1.8 (1.7-1.8),0.45065943
MDF,qXRv2,56,91.9% (90.995-92.65229%),64.2% (63.2145-65.2540%),56.3% (55.150088-57.48344%),94.0% (93.3764140-94.607995%),1.8 (1.7-1.8),0.4549263
MDF,qXRv2,57,91.6% (90.680-92.36435%),64.7% (63.6600-65.6938%),56.5% (55.371796-57.71234%),93.8% (93.2033430-94.445286%),1.8 (1.7-1.8),0.45888285
MDF,qXRv2,58,91.3% (90.414-92.12047%),65.3% (64.2815-66.3071%),56.9% (55.731818-58.08090%),93.7% (93.0834870-94.329525%),1.8 (1.7-1.8),0.46384794
MDF,qXRv2,59,90.9% (90.002-91.74312%),65.8% (64.7389-66.7582%),57.1% (55.944524-58.30178%),93.5% (92.8531960-94.113467%),1.8 (1.7-1.8),0.4681924
MDF,qXRv2,60,90.6% (89.640-91.40977%),66.2% (65.2082-67.2208%),57.4% (56.181913-58.54706%),93.3% (92.6604910-93.931462%),1.7 (1.7-1.8),0.47245927
MDF,qXRv2,61,90.3% (89.422-91.20958%),66.8% (65.7714-67.7758%),57.7% (56.529465-58.90209%),93.2% (92.5756340-93.847911%),1.7 (1.7-1.8),0.4768813
MDF,qXRv2,62,89.8% (88.868-90.69742%),67.4% (66.3935-68.3884%),58.0% (56.836688-59.22048%),92.9% (92.2809280-93.569519%),1.7 (1.7-1.8),0.48277735
MDF,qXRv2,63,89.6% (88.627-90.47450%),67.9% (66.8984-68.8853%),58.3% (57.146817-59.53768%),92.8% (92.1800280-93.471335%),1.7 (1.7-1.7),0.48688906
MDF,qXRv2,64,89.4% (88.482-90.34068%),68.4% (67.3917-69.3705%),58.7% (57.478805-59.87565%),92.8% (92.1404540-93.430106%),1.7 (1.7-1.7),0.49061288
MDF,qXRv2,65,89.2% (88.193-90.07289%),68.9% (67.9555-69.9249%),59.0% (57.831349-60.23616%),92.7% (92.0185640-93.311790%),1.7 (1.7-1.7),0.49526765
MDF,qXRv2,66,88.5% (87.544-89.46966%),69.6% (68.6136-70.5714%),59.4% (58.167460-60.58472%),92.4% (91.6868220-92.997109%),1.7 (1.7-1.7),0.50170675
MDF,qXRv2,67,88.2% (87.231-89.17889%),70.2% (69.2249-71.1715%),59.8% (58.565561-60.99136%),92.2% (91.5626420-92.875776%),1.7 (1.6-1.7),0.50674942
MDF,qXRv2,68,87.8% (86.775-88.75356%),70.6% (69.5894-71.5292%),60.0% (58.734138-61.16787%),92.0% (91.3270460-92.652469%),1.7 (1.6-1.7),0.51062839
MDF,qXRv2,69,87.4% (86.367-88.37265%),71.2% (70.1892-72.1175%),60.3% (59.110140-61.55327%),91.8% (91.1504060-92.481811%),1.7 (1.6-1.7),0.5159038
MDF,qXRv2,70,87.0% (85.936-87.96898%),71.8% (70.8481-72.7633%),60.8% (59.537045-61.99022%),91.7% (90.9701270-92.306991%),1.6 (1.6-1.7),0.52164469
MDF,qXRv2,71,86.6% (85.505-87.56498%),72.4% (71.4719-73.3742%),61.2% (59.944514-62.40737%),91.5% (90.7898970-92.132316%),1.6 (1.6-1.7),0.52715283
MDF,qXRv2,72,86.2% (85.146-87.22805%),73.0% (72.0959-73.9849%),61.6% (60.381279-62.85286%),91.3% (90.6546810-91.999736%),1.6 (1.6-1.7),0.53242824
MDF,qXRv2,73,85.8% (84.692-86.80096%),73.7% (72.7555-74.6299%),62.1% (60.833280-63.31481%),91.2% (90.4721520-91.822222%),1.6 (1.6-1.6),0.5382467
MDF,qXRv2,74,85.2% (84.070-86.21598%),74.4% (73.4154-75.2746%),62.5% (61.251332-63.74475%),90.9% (90.2003330-91.560351%),1.6 (1.6-1.6),0.54460822
MDF,qXRv2,75,84.3% (83.187-85.38246%),75.1% (74.1463-75.9881%),62.9% (61.674322-64.18332%),90.5% (89.7995890-91.175604%),1.6 (1.6-1.6),0.5522886
MDF,qXRv2,76,83.7% (82.591-84.81862%),75.5% (74.6180-76.4483%),63.2% (61.947685-64.46711%),90.2% (89.5326310-90.918926%),1.6 (1.6-1.6),0.55733126
MDF,qXRv2,77,82.8% (81.639-83.91545%),76.3% (75.4203-77.2302%),63.7% (62.443840-64.98021%),89.8% (89.1218260-90.522501%),1.6 (1.5-1.6),0.56570985
MDF,qXRv2,78,82.1% (80.878-83.19204%),77.1% (76.2348-78.0232%),64.3% (63.024880-65.57552%),89.5% (88.8242520-90.232722%),1.6 (1.5-1.6),0.57354538
MDF,qXRv2,79,81.2% (79.975-82.33206%),77.8% (76.9552-78.7238%),64.8% (63.492066-66.05844%),89.2% (88.4496150-89.869984%),1.5 (1.5-1.6),0.58122576
MDF,qXRv2,80,80.3% (79.073-81.47110%),78.6% (77.6878-79.4356%),65.3% (63.989324-66.57139%),88.8% (88.0867220-89.517676%),1.5 (1.5-1.6),0.58898371
MDF,qXRv2,81,78.8% (77.579-80.04170%),79.5% (78.6101-80.3304%),65.9% (64.539609-67.14690%),88.2% (87.4666200-88.917222%),1.5 (1.5-1.5),0.59992242
MDF,qXRv2,82,77.8% (76.490-78.99653%),80.3% (79.4384-81.1329%),66.5% (65.132539-67.75852%),87.8% (87.0500050-88.511050%),1.5 (1.5-1.5),0.60892164
MDF,qXRv2,83,76.3% (75.001-77.56318%),81.2% (80.3856-82.0494%),67.1% (65.773181-68.42445%),87.2% (86.4730220-87.949166%),1.5 (1.5-1.5),0.62001552
MDF,qXRv2,84,75.0% (73.655-76.26455%),82.1% (81.2625-82.8965%),67.8% (66.409597-69.08362%),86.7% (85.9719260-87.459698%),1.5 (1.4-1.5),0.63017843
MDF,qXRv2,85,72.8% (71.486-74.16516%),83.1% (82.2825-83.8800%),68.4% (67.013297-69.72510%),85.9% (85.1381390-86.647187%),1.5 (1.4-1.5),0.64398759
MDF,qXRv2,86,70.7% (69.345-72.08477%),84.2% (83.4460-84.9996%),69.2% (67.862689-70.61171%),85.1% (84.3728380-85.897420%),1.4 (1.4-1.5),0.65865012
MDF,qXRv2,87,68.6% (67.183-69.97793%),85.6% (84.8370-86.3343%),70.5% (69.101772-71.88605%),84.4% (83.6676380-85.202191%),1.4 (1.4-1.4),0.67486424
MDF,qXRv2,88,65.5% (64.088-66.94916%),87.2% (86.4329-87.8601%),71.9% (70.489025-73.32540%),83.4% (82.6496200-84.199753%),1.4 (1.4-1.4),0.69550039
MDF,qXRv2,89,62.0% (60.485-63.40736%),88.6% (87.9128-89.2690%),73.2% (71.713758-74.61587%),82.3% (81.4734770-83.041456%),1.4 (1.3-1.4),0.71706749
MDF,qXRv2,90,57.9% (56.448-59.41865%),90.1% (89.4680-90.7423%),74.6% (73.130465-76.10862%),81.0% (80.2168930-81.800590%),1.3 (1.3-1.4),0.74057409
MDF,qXRv2,91,53.1% (51.584-54.58659%),91.9% (91.2562-92.4253%),76.6% (75.029632-78.09961%),79.6% (78.7866970-80.384070%),1.3 (1.3-1.3),0.76834756
MDF,qXRv2,92,46.9% (45.367-48.36974%),93.7% (93.1248-94.1676%),78.8% (77.139889-80.34385%),77.8% (77.0210760-78.632803%),1.3 (1.2-1.3),0.80116369
MDF,qXRv2,93,39.7% (38.228-41.17279%),95.5% (95.0178-95.9088%),81.5% (79.777440-83.14644%),75.9% (75.1084400-76.730775%),1.2 (1.2-1.3),0.83723817
MDF,qXRv2,94,30.5% (29.151-31.92423%),97.1% (96.7336-97.4544%),84.1% (82.225947-85.91098%),73.6% (72.7540040-74.386683%),1.2 (1.2-1.2),0.87874321
MDF,qXRv2,95,19.9% (18.710-21.11713%),98.5% (98.2670-98.7862%),87.3% (85.023149-89.29222%),71.0% (70.1953780-71.833301%),1.1 (1.1-1.2),0.92381691
MDF,qXRv2,96,9.6% (8.724-10.50518%),99.5% (99.2857-99.6073%),90.0% (86.859024-92.56904%),68.7% (67.8433210-69.482015%),1.1 (1.1-1.2),0.964391
MDF,qXRv2,97,2.3% (1.872-2.79077%),99.9% (99.7858-99.9441%),90.8% (83.774815-95.51243%),67.1% (66.2458130-67.883018%),1.1 (1-1.2),0.99154383
MDF,qXRv2,98,0.1% (0.038-0.27064%),100.0% (99.9570-100.0000%),100.0% (47.817625-100.00000%),66.6% (65.7826860-67.418966%),1 (1-2.1),0.9996121
MDF,qXRv2,99,0.0% (0.000-0.08559%),100.0% (99.9570-100.0000%),NA (0.000000-100.00000%),66.6% (65.7568600-67.393135%),NaN (1-Inf),1
MDF,qXRv2,100,0.0% (0.000-0.08559%),100.0% (99.9570-100.0000%),NA (0.000000-100.00000%),66.6% (65.7568600-67.393135%),NaN (1-Inf),1
MDF,CAD4TBv6,0,100.0% (99.914-100.00000%),0.0% (0.0000-0.0430%),33.4% (32.606865-34.24314%),NA (0.0000000-100.000000%),3 (2.9-3.1),0
MDF,CAD4TBv6,1,100.0% (99.914-100.00000%),0.0% (0.0000-0.0430%),33.4% (32.606865-34.24314%),NA (0.0000000-100.000000%),3 (2.9-3.1),0
MDF,CAD4TBv6,2,100.0% (99.914-100.00000%),0.0% (0.0028-0.0842%),33.4% (32.611956-34.24842%),100.0% (15.8113880-100.000000%),3 (2.9-3.1),0.00015516
MDF,CAD4TBv6,3,100.0% (99.914-100.00000%),0.1% (0.0328-0.1680%),33.4% (32.624689-34.26163%),100.0% (59.0383600-100.000000%),3 (2.9-3.1),0.00054306
MDF,CAD4TBv6,4,100.0% (99.914-100.00000%),0.1% (0.0723-0.2441%),33.5% (32.637432-34.27485%),100.0% (73.5351530-100.000000%),3 (2.9-3.1),0.00093095
MDF,CAD4TBv6,5,100.0% (99.914-100.00000%),0.3% (0.2169-0.4712%),33.5% (32.678278-34.31722%),100.0% (87.6563880-100.000000%),3 (2.9-3.1),0.00217223
MDF,CAD4TBv6,6,100.0% (99.914-100.00000%),0.6% (0.4428-0.7806%),33.6% (32.737174-34.37832%),100.0% (93.0222970-100.000000%),3 (2.9-3.1),0.00395656
MDF,CAD4TBv6,7,100.0% (99.914-100.00000%),1.0% (0.7815-1.2104%),33.6% (32.822049-34.46635%),100.0% (95.7035080-100.000000%),3 (2.9-3),0.00651668
MDF,CAD4TBv6,8,100.0% (99.871-99.99941%),1.3% (1.0652-1.5555%),33.7% (32.886632-34.53354%),99.1% (95.1256700-99.977397%),3 (2.9-3),0.00868891
MDF,CAD4TBv6,9,100.0% (99.871-99.99941%),1.6% (1.3205-1.8592%),33.8% (32.948895-34.59811%),99.3% (95.9714020-99.981386%),3 (2.9-3),0.01055081
MDF,CAD4TBv6,10,100.0% (99.871-99.99941%),2.0% (1.7182-2.3233%),33.9% (33.045349-34.69814%),99.4% (96.8216300-99.985366%),3 (2.9-3),0.01342126
MDF,CAD4TBv6,11,100.0% (99.832-99.99438%),2.4% (2.1087-2.7715%),34.0% (33.134530-34.79082%),99.0% (96.6022050-99.884453%),2.9 (2.9-3),0.0162917
MDF,CAD4TBv6,12,100.0% (99.832-99.99438%),2.9% (2.5456-3.2664%),34.1% (33.240035-34.90022%),99.2% (97.1401650-99.902969%),2.9 (2.9-3),0.01939488
MDF,CAD4TBv6,13,99.9% (99.797-99.98564%),3.4% (3.0180-3.7957%),34.2% (33.348978-35.01337%),99.0% (97.0470580-99.789071%),2.9 (2.9-3),0.02280838
MDF,CAD4TBv6,14,99.9% (99.797-99.98564%),4.1% (3.6586-4.5062%),34.3% (33.504212-35.17430%),99.1% (97.5296290-99.823895%),2.9 (2.8-3),0.02730799
MDF,CAD4TBv6,15,99.9% (99.797-99.98564%),4.6% (4.1356-5.0309%),34.5% (33.620236-35.29457%),99.2% (97.7965890-99.843099%),2.9 (2.8-3),0.03064391
MDF,CAD4TBv6,16,99.9% (99.797-99.98564%),5.1% (4.6253-5.5663%),34.6% (33.739794-35.41849%),99.3% (98.0159800-99.858850%),2.9 (2.8-3),0.03405741
MDF,CAD4TBv6,17,99.9% (99.697-99.94887%),5.6% (5.1609-6.1489%),34.7% (33.855391-35.53890%),98.8% (97.3539610-99.549344%),2.9 (2.8-3),0.03801396
MDF,CAD4TBv6,18,99.8% (99.665-99.93465%),6.1% (5.5860-6.6091%),34.8% (33.954844-35.64216%),98.7% (97.2926920-99.466374%),2.9 (2.8-2.9),0.04103957
MDF,CAD4TBv6,19,99.8% (99.665-99.93465%),6.4% (5.8884-6.9356%),34.9% (34.029647-35.71967%),98.7% (97.4232820-99.492362%),2.9 (2.8-2.9),0.04313421
MDF,CAD4TBv6,20,99.8% (99.665-99.93465%),6.9% (6.3372-7.4187%),35.0% (34.141076-35.83513%),98.8% (97.5951350-99.526523%),2.9 (2.8-2.9),0.04623739
MDF,CAD4TBv6,21,99.8% (99.634-99.91979%),7.5% (6.9329-8.0578%),35.1% (34.284544-35.98397%),98.8% (97.5893590-99.467184%),2.8 (2.8-2.9),0.05042669
MDF,CAD4TBv6,22,99.7% (99.544-99.87247%),8.0% (7.3944-8.5513%),35.2% (34.384576-36.08820%),98.4% (97.1817020-99.206180%),2.8 (2.8-2.9),0.05384019
MDF,CAD4TBv6,23,99.7% (99.544-99.87247%),8.4% (7.8679-9.0563%),35.4% (34.504168-36.21208%),98.5% (97.3415750-99.251619%),2.8 (2.8-2.9),0.05709853
MDF,CAD4TBv6,24,99.7% (99.544-99.87247%),9.1% (8.4662-9.6928%),35.5% (34.656276-36.36962%),98.6% (97.5191640-99.302036%),2.8 (2.7-2.9),0.06121024
MDF,CAD4TBv6,25,99.7% (99.426-99.80499%),9.5% (8.9183-10.1725%),35.6% (34.750587-36.46811%),98.2% (97.0473550-98.988736%),2.8 (2.7-2.9),0.06462374
MDF,CAD4TBv6,26,99.6% (99.369-99.76996%),10.1% (9.4841-10.7715%),35.7% (34.885535-36.60826%),98.1% (96.9422140-98.877120%),2.8 (2.7-2.9),0.06865787
MDF,CAD4TBv6,27,99.6% (99.369-99.76996%),10.5% (9.8805-11.1905%),35.8% (34.988214-36.71458%),98.2% (97.0578930-98.919981%),2.8 (2.7-2.9),0.07137316
MDF,CAD4TBv6,28,99.6% (99.340-99.75219%),11.1% (10.4247-11.7645%),36.0% (35.124642-36.85603%),98.1% (97.0800540-98.895455%),2.8 (2.7-2.8),0.07517455
MDF,CAD4TBv6,29,99.6% (99.340-99.75219%),11.7% (11.0035-12.3739%),36.1% (35.276565-37.01330%),98.2% (97.2252980-98.950855%),2.8 (2.7-2.8),0.07913111
MDF,CAD4TBv6,30,99.6% (99.312-99.73426%),12.1% (11.3783-12.7679%),36.2% (35.370177-37.11041%),98.2% (97.1991910-98.911282%),2.8 (2.7-2.8),0.08176881
MDF,CAD4TBv6,31,99.5% (99.200-99.66127%),12.8% (12.0944-13.5194%),36.4% (35.539090-37.28606%),97.9% (96.9372130-98.695036%),2.7 (2.7-2.8),0.08696664
MDF,CAD4TBv6,32,99.4% (99.172-99.64274%),13.4% (12.6975-14.1510%),36.6% (35.695527-37.44816%),98.0% (96.9760100-98.687020%),2.7 (2.7-2.8),0.09115593
MDF,CAD4TBv6,33,99.4% (99.172-99.64274%),14.1% (13.3808-14.8655%),36.8% (35.880543-37.63959%),98.1% (97.1222220-98.751008%),2.7 (2.7-2.8),0.09581071
MDF,CAD4TBv6,34,99.4% (99.172-99.64274%),14.8% (14.0192-15.5318%),36.9% (36.054965-37.82003%),98.1% (97.2464820-98.805348%),2.7 (2.6-2.8),0.10015516
MDF,CAD4TBv6,35,99.4% (99.117-99.60539%),15.4% (14.6466-16.1856%),37.1% (36.217015-37.98808%),98.1% (97.1865850-98.736282%),2.7 (2.6-2.8),0.10457719
MDF,CAD4TBv6,36,99.3% (99.035-99.54872%),16.0% (15.2745-16.8391%),37.3% (36.375211-38.15232%),97.9% (97.0511280-98.614406%),2.7 (2.6-2.7),0.1090768
MDF,CAD4TBv6,37,99.3% (99.007-99.52968%),16.5% (15.6971-17.2784%),37.4% (36.488126-38.26930%),97.9% (97.0473490-98.593994%),2.7 (2.6-2.7),0.11202483
MDF,CAD4TBv6,38,99.3% (98.953-99.49138%),17.1% (16.2686-17.8718%),37.5% (36.638355-38.42507%),97.9% (96.9936430-98.532410%),2.7 (2.6-2.7),0.11605896
MDF,CAD4TBv6,39,99.2% (98.926-99.47214%),17.6% (16.8175-18.4411%),37.7% (36.788946-38.58098%),97.9% (97.0133540-98.525278%),2.7 (2.6-2.7),0.11986036
MDF,CAD4TBv6,40,99.2% (98.899-99.45283%),18.0% (17.2065-18.8442%),37.8% (36.894802-38.69062%),97.8% (97.0058240-98.505255%),2.6 (2.6-2.7),0.12257564
MDF,CAD4TBv6,41,99.2% (98.845-99.41405%),18.5% (17.7101-19.3656%),37.9% (37.028878-38.82964%),97.8% (96.9479360-98.444623%),2.6 (2.6-2.7),0.1261443
MDF,CAD4TBv6,42,99.1% (98.764-99.35548%),19.0% (18.2140-19.8868%),38.1% (37.158527-38.96428%),97.7% (96.8269230-98.337202%),2.6 (2.6-2.7),0.12979054
MDF,CAD4TBv6,43,99.0% (98.711-99.31619%),19.5% (18.6837-20.3722%),38.2% (37.284736-39.09515%),97.6% (96.7725240-98.280085%),2.6 (2.6-2.7),0.13312645
MDF,CAD4TBv6,44,99.0% (98.658-99.27672%),20.2% (19.3829-21.0941%),38.4% (37.479759-39.29710%),97.6% (96.7578930-98.245347%),2.6 (2.5-2.7),0.13801396
MDF,CAD4TBv6,45,98.7% (98.263-98.97613%),24.8% (23.8968-25.7358%),39.7% (38.779757-40.64283%),97.3% (96.5849890-97.980179%),2.5 (2.5-2.6),0.16966641
MDF,CAD4TBv6,46,98.3% (97.874-98.66947%),28.9% (27.8940-29.8225%),41.0% (40.003526-41.90854%),97.1% (96.4124450-97.748615%),2.4 (2.4-2.5),0.19775019
MDF,CAD4TBv6,47,98.0% (97.515-98.37938%),32.9% (31.8659-33.8647%),42.3% (41.310180-43.25808%),97.0% (96.3213850-97.596116%),2.4 (2.3-2.4),0.22552366
MDF,CAD4TBv6,48,97.7% (97.158-98.08643%),36.7% (35.6491-37.6996%),43.6% (42.639008-44.62889%),96.9% (96.2342510-97.460191%),2.3 (2.2-2.3),0.25197828
MDF,CAD4TBv6,49,97.1% (96.603-97.62159%),40.1% (39.0447-41.1298%),44.9% (43.856741-45.88593%),96.5% (95.8949170-97.122880%),2.2 (2.2-2.3),0.27641583
MDF,CAD4TBv6,50,96.8% (96.252-97.32351%),43.2% (42.1205-44.2277%),46.1% (45.067348-47.13234%),96.4% (95.7983630-96.997968%),2.2 (2.1-2.2),0.29806051
MDF,CAD4TBv6,51,96.3% (95.727-96.87369%),45.5% (44.4561-46.5746%),47.0% (45.974361-48.06794%),96.1% (95.4715200-96.685451%),2.1 (2.1-2.2),0.31528317
MDF,CAD4TBv6,52,95.7% (95.057-96.29146%),47.6% (46.4916-48.6161%),47.8% (46.749278-48.86909%),95.7% (95.0084260-96.254845%),2.1 (2-2.1),0.33095423
MDF,CAD4TBv6,53,95.4% (94.711-95.98813%),49.4% (48.3075-50.4344%),48.6% (47.533520-49.67586%),95.5% (94.8629020-96.104237%),2.1 (2-2.1),0.34414275
MDF,CAD4TBv6,54,95.1% (94.366-95.68394%),50.9% (49.8685-51.9952%),49.3% (48.220917-50.38299%),95.4% (94.7036210-95.944586%),2 (2-2.1),0.35562452
MDF,CAD4TBv6,55,94.5% (93.726-95.11702%),52.4% (51.3722-53.4968%),49.9% (48.828857-51.01171%),95.0% (94.2948870-95.562478%),2 (2-2),0.36764934
MDF,CAD4TBv6,56,94.1% (93.310-94.74508%),53.9% (52.8536-54.9741%),50.6% (49.504329-51.70667%),94.8% (94.0946610-95.365797%),2 (1.9-2),0.37882079
MDF,CAD4TBv6,57,93.3% (92.552-94.06463%),55.2% (54.1607-56.2762%),51.1% (50.020331-52.24231%),94.3% (93.6120830-94.915268%),2 (1.9-2),0.38991466
MDF,CAD4TBv6,58,92.8% (91.991-93.55815%),56.9% (55.8307-57.9376%),51.9% (50.812416-53.05725%),94.0% (93.3499990-94.658513%),1.9 (1.9-2),0.40279286
MDF,CAD4TBv6,59,92.2% (91.335-92.96201%),58.1% (57.0928-59.1916%),52.5% (51.372778-53.63653%),93.7% (92.9863620-94.312771%),1.9 (1.9-1.9),0.4132661
MDF,CAD4TBv6,60,91.5% (90.583-92.27569%),59.2% (58.1450-60.2360%),52.9% (51.801055-54.08215%),93.2% (92.5461620-93.897523%),1.9 (1.8-1.9),0.42265322
MDF,CAD4TBv6,61,90.6% (89.736-91.49870%),60.2% (59.1627-61.2452%),53.3% (52.196177-54.49514%),92.8% (92.0528120-93.431607%),1.9 (1.8-1.9),0.43211792
MDF,CAD4TBv6,62,89.9% (88.940-90.76427%),61.4% (60.3330-62.4046%),53.9% (52.714232-55.03273%),92.4% (91.6346020-93.031500%),1.9 (1.8-1.9),0.442436
MDF,CAD4TBv6,63,89.2% (88.193-90.07289%),62.8% (61.7850-63.8414%),54.6% (53.449273-55.79035%),92.0% (91.3047140-92.709085%),1.8 (1.8-1.9),0.45446082
MDF,CAD4TBv6,64,88.3% (87.279-89.22364%),64.1% (63.1208-65.1614%),55.3% (54.091990-56.45586%),91.6% (90.8672610-92.286733%),1.8 (1.8-1.8),0.46625291
MDF,CAD4TBv6,65,87.0% (86.008-88.03628%),65.4% (64.3870-66.4112%),55.8% (54.614686-57.00402%),91.0% (90.2145690-91.661857%),1.8 (1.8-1.8),0.47874321
MDF,CAD4TBv6,66,85.7% (84.620-86.73350%),66.7% (65.6540-67.6602%),56.3% (55.129558-57.54601%),90.3% (89.5234000-90.997914%),1.8 (1.7-1.8),0.49162141
MDF,CAD4TBv6,67,84.4% (83.235-85.42755%),67.9% (66.9454-68.9315%),56.9% (55.689252-58.13371%),89.6% (88.8726040-90.369127%),1.8 (1.7-1.8),0.50465477
MDF,CAD4TBv6,68,82.6% (81.472-83.75727%),69.3% (68.3433-70.3059%),57.5% (56.250858-58.72916%),88.8% (88.0537630-89.577220%),1.7 (1.7-1.8),0.51962762
MDF,CAD4TBv6,69,80.9% (79.690-82.06028%),70.6% (69.6717-71.6100%),58.0% (56.784397-59.29705%),88.0% (87.2586040-88.805446%),1.7 (1.7-1.8),0.53421257
MDF,CAD4TBv6,70,79.4% (78.148-80.58652%),72.2% (71.2483-73.1552%),58.9% (57.636279-60.18421%),87.5% (86.6730120-88.228971%),1.7 (1.7-1.7),0.54965089
MDF,CAD4TBv6,71,77.3% (76.041-78.56447%),73.7% (72.7555-74.6299%),59.6% (58.309666-60.90005%),86.6% (85.8177870-87.393061%),1.7 (1.6-1.7),0.56648565
MDF,CAD4TBv6,72,75.6% (74.269-76.85711%),75.1% (74.2170-76.0572%),60.4% (59.099099-61.72835%),86.0% (85.1687390-86.753599%),1.7 (1.6-1.7),0.58192397
MDF,CAD4TBv6,73,73.2% (71.863-74.53055%),76.5% (75.5619-77.3681%),61.0% (59.625539-62.30292%),85.0% (84.2306390-85.834799%),1.6 (1.6-1.7),0.59868115
MDF,CAD4TBv6,74,70.7% (69.345-72.08477%),77.8% (76.9434-78.7123%),61.6% (60.196157-62.92617%),84.1% (83.2977350-84.917915%),1.6 (1.6-1.7),0.61605896
MDF,CAD4TBv6,75,68.4% (66.949-69.74871%),79.4% (78.5155-80.2387%),62.5% (61.073293-63.85821%),83.3% (82.5034040-84.131280%),1.6 (1.6-1.6),0.63429015
MDF,CAD4TBv6,76,65.5% (64.018-66.88025%),80.7% (79.8409-81.5225%),63.0% (61.554995-64.40526%),82.3% (81.4806670-83.123063%),1.6 (1.6-1.6),0.65267649
MDF,CAD4TBv6,77,62.7% (61.187-64.09799%),81.9% (81.0847-82.7248%),63.5% (62.023003-64.94032%),81.4% (80.5379060-82.191197%),1.6 (1.5-1.6),0.67020946
MDF,CAD4TBv6,78,60.1% (58.570-61.51804%),83.1% (82.2588-83.8572%),64.0% (62.532733-65.51625%),80.6% (79.7134300-81.373752%),1.6 (1.5-1.6),0.68657874
MDF,CAD4TBv6,79,57.2% (55.679-58.65665%),84.5% (83.7074-85.2507%),64.9% (63.375546-66.43802%),79.7% (78.8750440-80.538599%),1.5 (1.5-1.6),0.7056633
MDF,CAD4TBv6,80,53.9% (52.351-55.35049%),85.5% (84.7537-86.2545%),65.1% (63.522769-66.67973%),78.7% (77.8401650-79.512956%),1.5 (1.5-1.6),0.72358417
MDF,CAD4TBv6,81,50.4% (48.890-51.89855%),86.6% (85.8847-87.3367%),65.4% (63.764953-67.03039%),77.7% (76.8242500-78.503147%),1.5 (1.5-1.6),0.74251358
MDF,CAD4TBv6,82,48.0% (46.525-49.53135%),87.7% (86.9696-88.3717%),66.2% (64.497897-67.84540%),77.1% (76.2218500-77.899623%),1.5 (1.5-1.6),0.75748642
MDF,CAD4TBv6,83,44.6% (43.146-46.13716%),88.7% (88.0442-89.3938%),66.5% (64.786106-68.25993%),76.1% (75.3021840-76.982561%),1.5 (1.5-1.5),0.77579519
MDF,CAD4TBv6,84,41.3% (39.843-42.80595%),89.9% (89.2165-90.5046%),67.2% (65.370125-68.98213%),75.3% (74.4678090-76.147595%),1.5 (1.4-1.5),0.79449185
MDF,CAD4TBv6,85,38.0% (36.524-39.44448%),90.7% (90.0913-91.3304%),67.3% (65.364343-69.13345%),74.5% (73.6027730-75.283957%),1.5 (1.4-1.5),0.81132661
MDF,CAD4TBv6,86,35.0% (33.602-36.47380%),91.5% (90.9196-92.1096%),67.5% (65.500693-69.42655%),73.7% (72.8813660-74.562002%),1.5 (1.4-1.5),0.8265322
MDF,CAD4TBv6,87,32.0% (30.595-33.40328%),92.4% (91.8097-92.9434%),67.8% (65.767805-69.87725%),73.0% (72.1722250-73.850964%),1.5 (1.4-1.5),0.842436
MDF,CAD4TBv6,88,28.8% (27.435-30.16132%),93.1% (92.5451-93.6291%),67.7% (65.489692-69.82471%),72.3% (71.4105580-73.088471%),1.5 (1.4-1.5),0.85787432
MDF,CAD4TBv6,89,25.7% (24.420-27.05259%),94.0% (93.4635-94.4812%),68.2% (65.899925-70.48720%),71.6% (70.7532900-72.427442%),1.5 (1.4-1.5),0.87401086
MDF,CAD4TBv6,90,22.7% (21.504-24.03004%),94.6% (94.1422-95.1071%),68.1% (65.577601-70.45963%),70.9% (70.0931890-71.765151%),1.5 (1.4-1.5),0.88828549
MDF,CAD4TBv6,91,20.5% (19.300-21.73361%),95.2% (94.6769-95.5975%),68.0% (65.361091-70.50803%),70.5% (69.6112170-71.280925%),1.5 (1.4-1.5),0.8992242
MDF,CAD4TBv6,92,17.7% (16.604-18.90840%),95.8% (95.3105-96.1752%),67.7% (64.914342-70.45384%),69.9% (69.0307810-70.697515%),1.5 (1.4-1.5),0.9124903
MDF,CAD4TBv6,93,15.5% (14.415-16.59799%),96.3% (95.8363-96.6511%),67.5% (64.490278-70.42519%),69.4% (68.5717910-70.235713%),1.5 (1.4-1.6),0.92335144
MDF,CAD4TBv6,94,12.5% (11.493-13.48869%),96.9% (96.4748-97.2240%),66.6% (63.251539-69.87691%),68.8% (67.9587420-69.619089%),1.5 (1.4-1.6),0.93747091
MDF,CAD4TBv6,95,10.9% (9.994-11.87915%),97.3% (96.8942-97.5967%),66.7% (63.051751-70.14136%),68.5% (67.6690460-69.326621%),1.5 (1.4-1.6),0.94530644
MDF,CAD4TBv6,96,8.8% (7.968-9.68324%),97.6% (97.2534-97.9130%),64.8% (60.763274-68.65920%),68.1% (67.2378950-68.893331%),1.5 (1.5-1.6),0.95461598
MDF,CAD4TBv6,97,8.8% (7.946-9.65904%),97.6% (97.2782-97.9348%),64.9% (60.917925-68.82637%),68.1% (67.2376530-68.892891%),1.5 (1.5-1.6),0.95484872
MDF,CAD4TBv6,98,6.2% (5.452-6.91066%),98.3% (98.0401-98.5939%),65.0% (60.103290-69.57999%),67.6% (66.7803620-68.430134%),1.5 (1.4-1.7),0.96834756
MDF,CAD4TBv6,99,6.1% (5.408-6.86173%),98.3% (98.0401-98.5939%),64.8% (59.914278-69.42515%),67.6% (66.7695290-68.419311%),1.5 (1.4-1.7),0.96850272
MDF,CAD4TBv6,100,0.0% (0.000-0.08559%),100.0% (99.9570-100.0000%),NA (0.000000-100.00000%),66.6% (65.7568600-67.393135%),NaN (1-Inf),1
MDF,CAD4TBv7,0,100.0% (99.914-100.00000%),0.0% (0.0000-0.0430%),33.4% (32.606865-34.24314%),NA (0.0000000-100.000000%),3 (2.9-3.1),0
MDF,CAD4TBv7,1,99.4% (99.089-99.58658%),14.8% (14.0648-15.5793%),36.9% (36.051141-37.81671%),97.9% (96.9878760-98.624819%),2.7 (2.6-2.8),0.10069822
MDF,CAD4TBv7,2,98.7% (98.368-99.05698%),24.9% (24.0234-25.8655%),39.8% (38.842568-40.70676%),97.5% (96.8006790-98.145744%),2.5 (2.5-2.6),0.17020946
MDF,CAD4TBv7,3,98.4% (98.003-98.77223%),31.5% (30.5256-32.5026%),41.9% (40.941620-42.87407%),97.5% (96.9003590-98.090153%),2.4 (2.3-2.4),0.21505043
MDF,CAD4TBv7,4,98.1% (97.592-98.44181%),36.4% (35.3712-37.4183%),43.6% (42.631963-44.61756%),97.4% (96.7673190-97.905512%),2.3 (2.2-2.3),0.24879752
MDF,CAD4TBv7,5,97.7% (97.158-98.08643%),40.5% (39.4391-41.5275%),45.2% (44.149378-46.18108%),97.2% (96.5776380-97.693090%),2.2 (2.2-2.3),0.27734678
MDF,CAD4TBv7,6,97.3% (96.729-97.72765%),43.2% (42.1088-44.2160%),46.2% (45.176139-47.23918%),96.9% (96.3140190-97.437962%),2.2 (2.1-2.2),0.29650892
MDF,CAD4TBv7,7,97.0% (96.452-97.49404%),45.5% (44.4213-46.5396%),47.2% (46.133542-48.22370%),96.8% (96.2099600-97.322057%),2.1 (2.1-2.2),0.31280062
MDF,CAD4TBv7,8,96.8% (96.201-97.28080%),47.5% (46.4450-48.5695%),48.1% (47.006778-49.12088%),96.7% (96.1188150-97.221308%),2.1 (2-2.1),0.32707525
MDF,CAD4TBv7,9,96.6% (95.977-97.08826%),49.3% (48.2726-50.3995%),48.9% (47.827632-49.96344%),96.6% (96.0442530-97.137551%),2 (2-2.1),0.33995345
MDF,CAD4TBv7,10,96.2% (95.553-96.72313%),50.5% (49.4025-51.5294%),49.4% (48.281565-50.43225%),96.3% (95.7384200-96.860509%),2 (2-2.1),0.34879752
MDF,CAD4TBv7,11,96.1% (95.429-96.61541%),51.8% (50.7310-52.8567%),50.0% (48.922864-51.08922%),96.3% (95.7319770-96.841148%),2 (2-2),0.35802948
MDF,CAD4TBv7,12,95.9% (95.305-96.50756%),52.9% (51.8154-53.9389%),50.5% (49.454397-51.63363%),96.3% (95.7069830-96.808451%),2 (1.9-2),0.36563227
MDF,CAD4TBv7,13,95.8% (95.106-96.33472%),53.9% (52.8186-54.9392%),51.0% (49.936859-52.12846%),96.2% (95.6128940-96.716198%),2 (1.9-2),0.37292475
MDF,CAD4TBv7,14,95.6% (94.933-96.18324%),54.7% (53.6004-55.7183%),51.4% (50.315967-52.51731%),96.1% (95.5262140-96.632476%),1.9 (1.9-2),0.37866563
MDF,CAD4TBv7,15,95.5% (94.810-96.07489%),55.6% (54.5577-56.6713%),51.9% (50.811637-53.02436%),96.1% (95.4970700-96.597705%),1.9 (1.9-2),0.38541505
MDF,CAD4TBv7,16,95.3% (94.637-95.92302%),56.4% (55.3401-57.4498%),52.3% (51.206980-53.42942%),96.0% (95.4151550-96.518093%),1.9 (1.9-2),0.39115593
MDF,CAD4TBv7,17,95.2% (94.489-95.79268%),57.0% (55.9592-58.0654%),52.6% (51.522256-53.75244%),95.9% (95.3429310-96.448472%),1.9 (1.9-1.9),0.39573313
MDF,CAD4TBv7,18,95.1% (94.366-95.68394%),57.7% (56.6720-58.7737%),53.0% (51.902909-54.14168%),95.9% (95.2994110-96.403372%),1.9 (1.8-1.9),0.40085337
MDF,CAD4TBv7,19,95.0% (94.292-95.61866%),58.4% (57.3032-59.4005%),53.4% (52.254217-54.50032%),95.9% (95.2895590-96.388925%),1.9 (1.8-1.9),0.40527541
MDF,CAD4TBv7,20,94.9% (94.218-95.55333%),58.8% (57.7942-59.8879%),53.7% (52.527032-54.77892%),95.8% (95.2692260-96.366485%),1.9 (1.8-1.9),0.40876649
MDF,CAD4TBv7,21,94.7% (93.996-95.35717%),59.5% (58.4374-60.5261%),54.0% (52.857989-55.11829%),95.7% (95.1468310-96.251891%),1.9 (1.8-1.9),0.41373157
MDF,CAD4TBv7,22,94.6% (93.923-95.29171%),60.1% (59.0223-61.1060%),54.3% (53.195829-55.46285%),95.7% (95.1354140-96.236569%),1.8 (1.8-1.9),0.41784329
MDF,CAD4TBv7,23,94.5% (93.775-95.16071%),60.7% (59.6424-61.7206%),54.7% (53.541860-55.81646%),95.6% (95.0712530-96.173918%),1.8 (1.8-1.9),0.42242048
MDF,CAD4TBv7,24,94.5% (93.726-95.11702%),61.1% (60.0755-62.1496%),54.9% (53.800260-56.07973%),95.6% (95.0675900-96.166912%),1.8 (1.8-1.9),0.42544608
MDF,CAD4TBv7,25,94.3% (93.604-95.00772%),61.6% (60.6022-62.6712%),55.2% (54.102430-56.38824%),95.6% (95.0164130-96.116650%),1.8 (1.8-1.8),0.42932506
MDF,CAD4TBv7,26,94.2% (93.432-94.85457%),62.0% (61.0120-63.0767%),55.5% (54.321128-56.61244%),95.5% (94.9210920-96.027795%),1.8 (1.8-1.8),0.4325834
MDF,CAD4TBv7,27,94.1% (93.383-94.81078%),62.6% (61.5390-63.5981%),55.8% (54.649353-56.94638%),95.5% (94.9258260-96.027580%),1.8 (1.8-1.8),0.43622964
MDF,CAD4TBv7,28,94.0% (93.285-94.72318%),63.0% (61.9490-64.0035%),56.0% (54.892545-57.19444%),95.5% (94.8860330-95.988442%),1.8 (1.7-1.8),0.43925524
MDF,CAD4TBv7,29,93.9% (93.163-94.61360%),63.3% (62.2302-64.2815%),56.2% (55.046906-57.35257%),95.4% (94.8192390-95.926097%),1.8 (1.7-1.8),0.44150504
MDF,CAD4TBv7,30,93.7% (92.894-94.37227%),63.7% (62.6637-64.7099%),56.4% (55.266997-57.57911%),95.2% (94.6602210-95.779354%),1.8 (1.7-1.8),0.44522886
MDF,CAD4TBv7,31,93.5% (92.772-94.26246%),64.2% (63.2028-65.2424%),56.8% (55.598596-57.91698%),95.2% (94.6160820-95.735046%),1.8 (1.7-1.8),0.44918542
MDF,CAD4TBv7,32,93.5% (92.698-94.19654%),64.7% (63.6483-65.6822%),57.0% (55.883191-58.20646%),95.2% (94.5996110-95.716487%),1.8 (1.7-1.8),0.45236618
MDF,CAD4TBv7,33,93.3% (92.503-94.02064%),65.0% (63.9766-66.0062%),57.2% (56.059230-58.38728%),95.1% (94.4890460-95.613880%),1.7 (1.7-1.8),0.45515904
MDF,CAD4TBv7,34,93.3% (92.503-94.02064%),65.4% (64.4105-66.4343%),57.5% (56.360139-58.69226%),95.1% (94.5234770-95.641443%),1.7 (1.7-1.8),0.45802948
MDF,CAD4TBv7,35,93.1% (92.332-93.86660%),65.8% (64.8327-66.8507%),57.8% (56.612791-58.95030%),95.0% (94.4390810-95.561631%),1.7 (1.7-1.8),0.4613654
MDF,CAD4TBv7,36,93.0% (92.211-93.75649%),66.3% (65.2785-67.2902%),58.1% (56.897726-59.24038%),95.0% (94.3910810-95.514520%),1.7 (1.7-1.8),0.46470132
MDF,CAD4TBv7,37,92.8% (91.943-93.51405%),66.8% (65.8418-67.8452%),58.4% (57.233877-59.58397%),94.8% (94.2544890-95.386018%),1.7 (1.7-1.7),0.46927851
MDF,CAD4TBv7,38,92.6% (91.772-93.35961%),67.2% (66.2057-68.2035%),58.6% (57.454766-59.80962%),94.8% (94.1694720-95.305798%),1.7 (1.7-1.7),0.47222653
MDF,CAD4TBv7,39,92.4% (91.602-93.20507%),67.7% (66.6870-68.6773%),58.9% (57.764767-60.12536%),94.7% (94.0951880-95.234306%),1.7 (1.7-1.7),0.47595035
MDF,CAD4TBv7,40,92.2% (91.408-93.02833%),68.2% (67.1802-69.1626%),59.3% (58.081875-60.44846%),94.6% (94.0070950-95.150062%),1.7 (1.7-1.7),0.47982933
MDF,CAD4TBv7,41,92.0% (91.141-92.78508%),68.5% (67.5444-69.5206%),59.5% (58.287479-60.65964%),94.5% (93.8622270-95.014907%),1.7 (1.6-1.7),0.48308766
MDF,CAD4TBv7,42,91.8% (90.947-92.60802%),69.0% (68.0378-70.0057%),59.8% (58.613085-60.99114%),94.4% (93.7774690-94.933453%),1.7 (1.6-1.7),0.48696664
MDF,CAD4TBv7,43,91.7% (90.874-92.54159%),69.5% (68.4843-70.4444%),60.1% (58.938257-61.32055%),94.4% (93.7680060-94.921222%),1.7 (1.6-1.7),0.4901474
MDF,CAD4TBv7,44,91.5% (90.632-92.32003%),69.9% (68.9310-70.8830%),60.4% (59.224320-61.61246%),94.3% (93.6504500-94.810008%),1.7 (1.6-1.7),0.49387122
MDF,CAD4TBv7,45,91.2% (90.341-92.05391%),70.4% (69.4012-71.3446%),60.7% (59.520973-61.91559%),94.1% (93.5062030-94.673943%),1.6 (1.6-1.7),0.49790535
MDF,CAD4TBv7,46,91.0% (90.123-91.85416%),70.8% (69.8246-71.7600%),61.0% (59.803282-62.20321%),94.0% (93.4057480-94.578284%),1.6 (1.6-1.7),0.50139643
MDF,CAD4TBv7,47,90.8% (89.881-91.63205%),71.3% (70.3775-72.3020%),61.4% (60.188792-62.59511%),93.9% (93.3030280-94.479403%),1.6 (1.6-1.7),0.50581846
MDF,CAD4TBv7,48,90.5% (89.591-91.36529%),72.0% (71.0011-72.9131%),61.8% (60.627554-63.04110%),93.8% (93.1787220-94.359961%),1.6 (1.6-1.6),0.51086113
MDF,CAD4TBv7,49,90.2% (89.229-91.03153%),72.3% (71.3660-73.2705%),62.1% (60.839100-63.25894%),93.6% (92.9899800-94.182902%),1.6 (1.6-1.6),0.51442979
MDF,CAD4TBv7,50,89.9% (88.988-90.80882%),72.8% (71.8840-73.7775%),62.4% (61.214846-63.64050%),93.5% (92.8905280-94.086884%),1.6 (1.6-1.6),0.51861908
MDF,CAD4TBv7,51,89.7% (88.795-90.63056%),73.3% (72.3433-74.2268%),62.8% (61.558845-63.98928%),93.4% (92.8162170-94.014513%),1.6 (1.6-1.6),0.52226532
MDF,CAD4TBv7,52,89.4% (88.482-90.34068%),73.7% (72.7084-74.5838%),63.0% (61.795071-64.23110%),93.3% (92.6629790-93.869696%),1.6 (1.6-1.6),0.52567882
MDF,CAD4TBv7,53,89.3% (88.362-90.22912%),74.0% (73.0737-74.9408%),63.3% (62.084265-64.52355%),93.2% (92.6252460-93.831837%),1.6 (1.5-1.6),0.52847168
MDF,CAD4TBv7,54,89.1% (88.121-90.00591%),74.5% (73.5686-75.4243%),63.7% (62.461807-64.90627%),93.2% (92.5293840-93.739009%),1.6 (1.5-1.6),0.53250582
MDF,CAD4TBv7,55,88.9% (87.952-89.84958%),74.9% (74.0166-75.8616%),64.1% (62.821771-65.27018%),93.1% (92.4725300-93.682717%),1.6 (1.5-1.6),0.5359969
MDF,CAD4TBv7,56,88.6% (87.616-89.53673%),75.3% (74.3939-76.2297%),64.3% (63.079345-65.53336%),92.9% (92.3129480-93.531419%),1.6 (1.5-1.6),0.53956555
MDF,CAD4TBv7,57,88.4% (87.448-89.38022%),75.7% (74.7832-76.6093%),64.6% (63.395056-65.85253%),92.9% (92.2528050-93.472421%),1.5 (1.5-1.6),0.54266874
MDF,CAD4TBv7,58,88.2% (87.207-89.15652%),76.0% (75.0781-76.8968%),64.8% (63.608290-66.06974%),92.8% (92.1435360-93.368358%),1.5 (1.5-1.6),0.54538402
MDF,CAD4TBv7,59,88.0% (86.967-88.93270%),76.4% (75.5029-77.3107%),65.2% (63.946990-66.41271%),92.7% (92.0477500-93.275767%),1.5 (1.5-1.6),0.54895268
MDF,CAD4TBv7,60,87.8% (86.823-88.79835%),76.8% (75.9042-77.7014%),65.5% (64.293043-66.76156%),92.6% (92.0048100-93.232609%),1.5 (1.5-1.6),0.55205586
MDF,CAD4TBv7,61,87.7% (86.631-88.61916%),77.2% (76.3174-78.1036%),65.9% (64.643290-67.11508%),92.6% (91.9367510-93.165903%),1.5 (1.5-1.5),0.55539178
MDF,CAD4TBv7,62,87.5% (86.439-88.43989%),77.6% (76.6835-78.4597%),66.2% (64.952448-67.42727%),92.5% (91.8650360-93.096112%),1.5 (1.5-1.5),0.55841738
MDF,CAD4TBv7,63,87.1% (86.032-88.05872%),77.9% (77.0025-78.7697%),66.4% (65.164076-67.64473%),92.3% (91.6709850-92.912211%),1.5 (1.5-1.5),0.56183088
MDF,CAD4TBv7,64,86.8% (85.792-87.83435%),78.3% (77.4278-79.1831%),66.8% (65.528909-68.01303%),92.2% (91.5812300-92.824925%),1.5 (1.5-1.5),0.56539953
MDF,CAD4TBv7,65,86.6% (85.529-87.58743%),78.7% (77.8415-79.5848%),67.1% (65.881754-68.36948%),92.1% (91.4785310-92.725543%),1.5 (1.5-1.5),0.56896819
MDF,CAD4TBv7,66,86.3% (85.266-87.34038%),79.1% (78.2672-79.9978%),67.5% (66.252869-68.74399%),92.0% (91.3783350-92.628344%),1.5 (1.5-1.5),0.57261443
MDF,CAD4TBv7,67,86.1% (85.002-87.09322%),79.5% (78.6101-80.3304%),67.8% (66.543606-69.03803%),91.9% (91.2712640-92.525252%),1.5 (1.4-1.5),0.57571761
MDF,CAD4TBv7,68,85.8% (84.716-86.82345%),79.8% (78.9650-80.6744%),68.1% (66.845220-69.34313%),91.8% (91.1538970-92.412316%),1.5 (1.4-1.5),0.57897595
MDF,CAD4TBv7,69,85.4% (84.261-86.39604%),80.3% (79.4147-81.1100%),68.5% (67.211208-69.71468%),91.6% (90.9595050-92.226108%),1.5 (1.4-1.5),0.58339798
MDF,CAD4TBv7,70,85.1% (83.999-86.14844%),80.6% (79.7461-81.4309%),68.8% (67.504130-70.01047%),91.5% (90.8556110-92.125794%),1.5 (1.4-1.5),0.58642358
MDF,CAD4TBv7,71,84.5% (83.426-85.60785%),81.0% (80.1724-81.8433%),69.1% (67.827745-70.34118%),91.3% (90.6020390-91.883583%),1.4 (1.4-1.5),0.59107836
MDF,CAD4TBv7,72,84.1% (82.949-85.15699%),81.4% (80.5989-82.2555%),69.5% (68.183165-70.70203%),91.1% (90.4014120-91.690986%),1.4 (1.4-1.5),0.59542281
MDF,CAD4TBv7,73,83.6% (82.472-84.70580%),81.9% (81.0847-82.7248%),69.9% (68.614338-71.13804%),90.9% (90.2101430-91.506544%),1.4 (1.4-1.5),0.60015516
MDF,CAD4TBv7,74,83.4% (82.234-84.48008%),82.4% (81.5708-83.1939%),70.4% (69.116165-71.64041%),90.8% (90.1416130-91.438035%),1.4 (1.4-1.4),0.60411171
MDF,CAD4TBv7,75,82.9% (81.782-84.05100%),82.9% (82.0808-83.6857%),70.9% (69.602880-72.13049%),90.6% (89.9696940-91.271451%),1.4 (1.4-1.4),0.60892164
MDF,CAD4TBv7,76,82.6% (81.472-83.75727%),83.4% (82.6267-84.2114%),71.5% (70.180833-72.70847%),90.5% (89.8748800-91.177514%),1.4 (1.4-1.4),0.61349884
MDF,CAD4TBv7,77,82.1% (80.949-83.25990%),83.9% (83.1016-84.6684%),71.9% (70.631821-73.16327%),90.3% (89.6690730-90.978801%),1.4 (1.4-1.4),0.61830877
MDF,CAD4TBv7,78,81.5% (80.307-82.64901%),84.3% (83.4817-85.0338%),72.2% (70.945508-73.48362%),90.1% (89.3985820-90.719135%),1.4 (1.4-1.4),0.62288596
MDF,CAD4TBv7,79,81.1% (79.903-82.26412%),84.6% (83.8144-85.3534%),72.5% (71.265673-73.80660%),89.9% (89.2408430-90.566699%),1.4 (1.4-1.4),0.62637704
MDF,CAD4TBv7,80,80.5% (79.286-81.67509%),84.9% (84.0996-85.6272%),72.8% (71.477395-74.02550%),89.7% (88.9777310-90.314200%),1.4 (1.4-1.4),0.63025601
MDF,CAD4TBv7,81,79.8% (78.551-80.97222%),85.4% (84.6229-86.1291%),73.3% (71.976624-74.53027%),89.4% (88.6896300-90.035745%),1.4 (1.3-1.4),0.63607448
MDF,CAD4TBv7,82,79.1% (77.816-80.26875%),85.8% (85.0274-86.5166%),73.6% (72.332040-74.89272%),89.1% (88.3930060-89.749673%),1.4 (1.3-1.4),0.64111715
MDF,CAD4TBv7,83,78.7% (77.437-79.90544%),86.2% (85.4440-86.9154%),74.1% (72.802842-75.36305%),89.0% (88.2663960-89.625590%),1.3 (1.3-1.4),0.6450737
MDF,CAD4TBv7,84,78.1% (76.869-79.36020%),86.6% (85.9085-87.3594%),74.6% (73.304197-75.86602%),88.8% (88.0603310-89.425116%),1.3 (1.3-1.4),0.64996121
MDF,CAD4TBv7,85,77.5% (76.183-78.70093%),87.1% (86.3256-87.7577%),75.0% (73.722922-76.28911%),88.5% (87.7981590-89.171117%),1.3 (1.3-1.4),0.6549263
MDF,CAD4TBv7,86,76.8% (75.544-78.08671%),87.6% (86.9219-88.3263%),75.7% (74.426990-76.99130%),88.3% (87.5830960-88.960619%),1.3 (1.3-1.3),0.66089992
MDF,CAD4TBv7,87,76.0% (74.694-77.26715%),88.2% (87.4709-88.8489%),76.3% (75.033467-77.60019%),88.0% (87.2721350-88.658308%),1.3 (1.3-1.3),0.66726144
MDF,CAD4TBv7,88,75.1% (73.773-76.37853%),88.8% (88.0681-89.4165%),77.0% (75.721095-78.28883%),87.7% (86.9423870-88.337209%),1.3 (1.3-1.3),0.67416602
MDF,CAD4TBv7,89,74.0% (72.664-75.30663%),89.4% (88.6899-90.0062%),77.7% (76.432190-79.00245%),87.3% (86.5416080-87.947190%),1.3 (1.3-1.3),0.68184639
MDF,CAD4TBv7,90,72.7% (71.369-74.05095%),90.1% (89.4081-90.6857%),78.6% (77.293621-79.86452%),86.8% (86.0830250-87.500168%),1.3 (1.3-1.3),0.69076804
MDF,CAD4TBv7,91,71.4% (70.003-72.72528%),90.7% (90.0553-91.2965%),79.4% (78.066376-80.63981%),86.3% (85.5978050-87.027261%),1.3 (1.2-1.3),0.69945694
MDF,CAD4TBv7,92,69.6% (68.217-70.98599%),91.3% (90.6434-91.8500%),80.0% (78.677620-81.26478%),85.7% (84.9450040-86.391985%),1.3 (1.2-1.3),0.70915438
MDF,CAD4TBv7,93,67.6% (66.198-69.01496%),92.2% (91.6051-92.7520%),81.3% (79.984596-82.56530%),85.0% (84.2697540-85.730824%),1.2 (1.2-1.3),0.72203258
MDF,CAD4TBv7,94,64.9% (63.479-66.35180%),93.0% (92.4003-93.4944%),82.2% (80.913864-83.51149%),84.1% (83.3243890-84.807227%),1.2 (1.2-1.2),0.73615206
MDF,CAD4TBv7,95,61.7% (60.275-63.20011%),93.9% (93.3304-94.3580%),83.5% (82.128015-84.73840%),83.0% (82.2533910-83.757860%),1.2 (1.2-1.2),0.75275407
MDF,CAD4TBv7,96,57.1% (55.632-58.61046%),94.9% (94.3972-95.3413%),84.9% (83.505246-86.14813%),81.5% (80.7361130-82.268495%),1.2 (1.2-1.2),0.77501939
MDF,CAD4TBv7,97,51.2% (49.702-52.71005%),95.9% (95.4693-96.3192%),86.3% (84.878019-87.58428%),79.7% (78.8681010-80.429967%),1.2 (1.1-1.2),0.80162917
MDF,CAD4TBv7,98,42.7% (41.251-44.22779%),97.3% (96.9560-97.6513%),88.9% (87.461474-90.21585%),77.2% (76.3950570-77.985326%),1.1 (1.1-1.1),0.83933282
MDF,CAD4TBv7,99,29.1% (27.732-30.46706%),98.8% (98.5590-99.0299%),92.5% (90.936483-93.82070%),73.5% (72.6999450-74.318948%),1.1 (1.1-1.1),0.89487975
MDF,CAD4TBv7,100,0.0% (0.000-0.08559%),100.0% (99.9570-100.0000%),NA (0.000000-100.00000%),66.6% (65.7568600-67.393135%),NaN (1-Inf),1
