"Score","Sens","Sens_L","Sens_H","Spec","Spec_L","Spec_H","CAD_Pos_TB","CAD_Pos_Normal","Subgroup","AI","ppv","npv","CAD_Pos","XpertSaved","Comment","X","nnt"
0,1,0.99914408,1,0,0,0.00042975,1,1,"MDF","CAD4TBv7",0.19,NA,1,0,"",1,5.26315789473684
1,0.99373259,0.99089426,0.99586579,0.14810068,0.14064785,0.15579325,0.993732590529248,0.851899324166861,"MDF","CAD4TBv7",0.214837229147832,0.990170988722154,0.878847644775714,0.121152355224286,"",0.85189932,4.65468673174837
2,0.98746518,0.98367608,0.99056981,0.24935912,0.24023376,0.25865494,0.987465181058496,0.750640876252622,"MDF","CAD4TBv7",0.235808876413476,0.988346121401733,0.795637494165738,0.204362505834262,"",0.75064088,4.24072246647138
3,0.98421541,0.98003166,0.98772235,0.31507807,0.30525553,0.3250263,0.984215413184773,0.684921929620135,"MDF","CAD4TBv7",0.252094945923794,0.988385247341857,0.741787691497416,0.258212308502584,"",0.68492193,3.96675941413872
4,0.98050139,0.97591561,0.98441809,0.36390119,0.3537115,0.37418336,0.98050139275766,0.636098811465859,"MDF","CAD4TBv7",0.265553656454478,0.987587356553447,0.701535301911301,0.298464698088699,"",0.63609881,3.76571730682015
5,0.97655525,0.97158462,0.98086426,0.40480075,0.3943913,0.41527487,0.976555246053853,0.595199254253088,"MDF","CAD4TBv7",0.277905463538315,0.986596675646443,0.667656892695233,0.332343107304767,"",0.59519925,3.5983459528572
6,0.9726091,0.96728707,0.97727653,0.43160103,0.42108843,0.44216008,0.972609099350046,0.568398974597996,"MDF","CAD4TBv7",0.286416685642224,0.985331863620888,0.645198898300885,0.354801101699115,"",0.56839897,3.49141670206025
7,0.97005571,0.96452082,0.97494035,0.45478909,0.44421253,0.46539637,0.970055710306407,0.54521090654859,"MDF","CAD4TBv7",0.294458112217923,0.984790449038999,0.625931419262575,0.374068580737425,"",0.54521091,3.39606877347607
8,0.96773445,0.96201455,0.97280797,0.47506409,0.46445047,0.48569464,0.967734447539461,0.524935912374738,"MDF","CAD4TBv7",0.301886909857767,0.984318375731403,0.609067634056035,0.390932365943965,"",0.52493591,3.31249871175648
9,0.96564531,0.95976511,0.97088255,0.49335819,0.48272614,0.50399476,0.965645311049211,0.506641808436262,"MDF","CAD4TBv7",0.308953177133765,0.98392852178528,0.593852473932722,0.406147526067278,"",0.50664181,3.23673641837008
10,0.96169916,0.95553043,0.96723126,0.50466092,0.49402455,0.51529412,0.961699164345404,0.495339081799114,"MDF","CAD4TBv7",0.312909708324749,0.982509035479793,0.583947497482909,0.416052502517091,"",0.49533908,3.19581008001887
11,0.96053853,0.95428816,0.9661541,0.51794454,0.50731001,0.52856687,0.960538532961931,0.482055464926591,"MDF","CAD4TBv7",0.31852138640401,0.982442378992328,0.572967247853305,0.427032752146695,"",0.48205546,3.13950661614792
12,0.9593779,0.95304724,0.96507557,0.52878117,0.51815369,0.5393891,0.959377901578459,0.471218830109532,"MDF","CAD4TBv7",0.323212417300912,0.982298965111505,0.563969053688628,0.436030946311372,"",0.47121883,3.09394053715763
13,0.95752089,0.95106445,0.96334723,0.53880214,0.52818561,0.54939232,0.957520891364902,0.461197855977628,"MDF","CAD4TBv7",0.327505345476752,0.981842481389857,0.55549923270121,0.44450076729879,"",0.46119786,3.05338527694653
14,0.95589601,0.94933207,0.96183235,0.54660918,0.53600416,0.55718255,0.955896007428041,0.453390817991144,"MDF","CAD4TBv7",0.330900393103586,0.981425090830586,0.548866803984155,0.451133196015845,"",0.45339082,3.02205745548013
15,0.95473538,0.94809605,0.96074889,0.55616406,0.54557667,0.5667133,0.954735376044568,0.443835935679329,"MDF","CAD4TBv7",0.335362230483753,0.98126681373317,0.540906829348724,0.459093170651276,"",0.44383594,2.98185039668159
16,0.95311049,0.94636749,0.95923017,0.5639711,0.55340104,0.5744977,0.953110492107707,0.436028897692845,"MDF","CAD4TBv7",0.33894753779745,0.980870695233048,0.534274400631669,0.465725599368331,"",0.4360289,2.95030908469848
17,0.95171773,0.94488751,0.95792675,0.57014682,0.55959234,0.58065364,0.951717734447539,0.429853181076672,"MDF","CAD4TBv7",0.341821973546915,0.980522767944259,0.529007446217137,0.470992553782863,"",0.42985318,2.92549946284466
18,0.9505571,0.94365532,0.95683943,0.57725472,0.56672023,0.58773672,0.950557103064067,0.422745280820322,"MDF","CAD4TBv7",0.345307176920374,0.980304543974643,0.523029527046633,0.476970472953367,"",0.42274528,2.8959722439554
19,0.94986072,0.94291648,0.95618657,0.58354696,0.57303201,0.59400514,0.949860724233983,0.416453041249126,"MDF","CAD4TBv7",0.348538746252333,0.980243730687827,0.517800501016249,0.482199498983751,"",0.41645304,2.86912147000158
20,0.94916435,0.94217798,0.95553335,0.58844092,0.57794239,0.59887937,0.9491643454039,0.411559077138196,"MDF","CAD4TBv7",0.351060528940361,0.980138074105535,0.51370407810868,0.48629592189132,"",0.41155908,2.84851163136567
21,0.94707521,0.9399645,0.95357169,0.59484969,0.58437425,0.60526068,0.947075208913649,0.405150314611979,"MDF","CAD4TBv7",0.354140147880118,0.979556743178933,0.508116044529296,0.491883955470704,"",0.40515031,2.82374084380435
22,0.94637883,0.93922733,0.95291714,0.60067583,0.59022298,0.61106028,0.946378830083565,0.399324166860872,"MDF","CAD4TBv7",0.357291161816638,0.979490043622307,0.503264552873183,0.496735447126817,"",0.39932417,2.7988377739755
23,0.94498607,0.93775392,0.95160712,0.60685155,0.59642431,0.61720619,0.944986072423398,0.393148450244698,"MDF","CAD4TBv7",0.360538593144194,0.979178094259725,0.497997598458651,0.502002401541349,"",0.39314845,2.77362817466828
24,0.94452182,0.93726305,0.95117016,0.6111629,0.60075457,0.6214957,0.944521819870009,0.388837100908879,"MDF","CAD4TBv7",0.362971083856928,0.979151082407702,0.494417197511494,0.505582802488506,"",0.3888371,2.75504039984124
25,0.94336119,0.93603647,0.9500772,0.61640643,0.60602224,0.62671154,0.943361188486537,0.383593567932883,"MDF","CAD4TBv7",0.365830878838122,0.978901359442464,0.489949415838077,0.510050584161923,"",0.38359357,2.73350353358907
26,0.9417363,0.93432061,0.9485457,0.62048474,0.61012019,0.63076742,0.941736304549675,0.379515264507108,"MDF","CAD4TBv7",0.367913200569892,0.978448693887595,0.486337262115196,0.513662737884804,"",0.37951526,2.71803240125936
27,0.94127205,0.93383065,0.94810784,0.62572827,0.61539011,0.635981,0.941272051996286,0.374271731531112,"MDF","CAD4TBv7",0.371039471042563,0.978458785567554,0.482001792419495,0.517998207580505,"",0.37427173,2.69513105220357
28,0.94034355,0.93285109,0.94723175,0.62980657,0.61948983,0.64003511,0.940343546889508,0.370193428105337,"MDF","CAD4TBv7",0.373369024042819,0.978264232673149,0.478521950674329,0.521478049325671,"",0.37019343,2.67831538131379
29,0.93918292,0.93162733,0.94613596,0.63260312,0.62230151,0.64281463,0.939182915506035,0.367396877184805,"MDF","CAD4TBv7",0.374855409008791,0.977946480637256,0.476036224465839,0.523963775534161,"",0.36739688,2.66769526587396
30,0.93662953,0.92893759,0.94372266,0.63691447,0.62663692,0.64709899,0.936629526462396,0.363085527848986,"MDF","CAD4TBv7",0.3769860381191,0.977193688705166,0.472058887585534,0.527941112414466,"",0.36308553,2.65261813140165
31,0.9354689,0.9277161,0.94262458,0.64227453,0.63202812,0.65242426,0.935468895078923,0.357725471917968,"MDF","CAD4TBv7",0.380193235053438,0.976974960531431,0.467496722318549,0.532503277681451,"",0.35772547,2.63024143462059
32,0.93477252,0.92698353,0.94196541,0.6467024,0.63648275,0.65682236,0.934772516248839,0.353297599627127,"MDF","CAD4TBv7",0.38295659143907,0.976887898329646,0.463777833785252,0.536222166214748,"",0.3532976,2.61126201338437
33,0.93291551,0.92503118,0.94020644,0.64996504,0.63976572,0.66006246,0.932915506035283,0.350034956886507,"MDF","CAD4TBv7",0.384680489151075,0.976361954993596,0.460782261224774,0.539217738775226,"",0.35003496,2.59955996782377
34,0.93291551,0.92503118,0.94020644,0.65427639,0.64410473,0.66434322,0.932915506035283,0.345723607550687,"MDF","CAD4TBv7",0.387618184038813,0.976514059502309,0.457290068262761,0.542709931737239,"",0.34572361,2.57985832754396
35,0.93129062,0.92332422,0.93866599,0.65847122,0.64832734,0.6685074,0.931290622098422,0.34152878116989,"MDF","CAD4TBv7",0.390105033037778,0.976108366223948,0.453583530946311,0.546416469053689,"",0.34152878,2.56341219751235
36,0.93012999,0.9221057,0.93756492,0.66289909,0.65278549,0.67290198,0.930129990714949,0.337100908879049,"MDF","CAD4TBv7",0.392916756569109,0.975872894675412,0.44977643442787,0.55022356557213,"",0.33710091,2.54506834661838
37,0.9275766,0.91942708,0.93514046,0.66849219,0.65841824,0.67845163,0.927576601671309,0.331507807037986,"MDF","CAD4TBv7",0.396256869444935,0.975217081241541,0.444760878018318,0.555239121981682,"",0.33150781,2.52361555624454
38,0.92595172,0.91772396,0.93359615,0.6721044,0.6620569,0.68203494,0.925951717734448,0.3278955954323,"MDF","CAD4TBv7",0.398460616327351,0.974807815904579,0.441526258669708,0.558473741330292,"",0.3278956,2.50965831759508
39,0.92432683,0.91602193,0.93205074,0.67688185,0.66687035,0.68677312,0.924326833797586,0.323118154276392,"MDF","CAD4TBv7",0.401561635890816,0.974446199126997,0.437347803385419,0.562652196614581,"",0.32311815,2.4902777322879
40,0.92246982,0.91407805,0.93028326,0.68177581,0.67180242,0.69162565,0.92246982358403,0.318224190165463,"MDF","CAD4TBv7",0.404750058509514,0.974018455056997,0.43303086051499,0.56696913948501,"",0.31822419,2.47066054463954
41,0.91991643,0.91140741,0.92785078,0.68538802,0.67544356,0.69520648,0.91991643454039,0.314611978559776,"MDF","CAD4TBv7",0.406834394796802,0.97332326932061,0.429619825196093,0.570380174803907,"",0.31461198,2.45800259955765
42,0.91805942,0.90946665,0.92608017,0.69028199,0.68037782,0.70005682,0.918059424326834,0.309718014448846,"MDF","CAD4TBv7",0.410134280448047,0.972909712609817,0.425302882325664,0.574697117674336,"",0.30971801,2.43822583888272
43,0.91736305,0.90873919,0.92541587,0.69470986,0.68484325,0.70444411,0.91736304549675,0.305290142158005,"MDF","CAD4TBv7",0.413438324119065,0.972855141788485,0.421583993792367,0.578416006207633,"",0.30529014,2.41874045453031
44,0.91504178,0.90631555,0.92320028,0.69913773,0.68930975,0.70883035,0.915041782729805,0.300862269867164,"MDF","CAD4TBv7",0.416369974973791,0.972285623604074,0.417556377311066,0.582443622688934,"",0.30086227,2.40171016188894
45,0.91225627,0.90340962,0.92053914,0.70379865,0.69401248,0.71344628,0.912256267409471,0.296201351666278,"MDF","CAD4TBv7",0.419426358639649,0.971586946038997,0.413251785657485,0.586748214342515,"",0.29620135,2.38420876371089
46,0.91016713,0.90123186,0.91854159,0.70799347,0.69824597,0.71759959,0.91016713091922,0.292006525285481,"MDF","CAD4TBv7",0.422344070602923,0.971097368740776,0.409457040355892,0.590542959644108,"",0.29200653,2.36773775128993
47,0.90784587,0.89881374,0.91632046,0.71347005,0.70377452,0.72302047,0.907845868152275,0.286529946399441,"MDF","CAD4TBv7",0.42634516299347,0.970593389609094,0.404579971532479,0.595420028467521,"",0.28652995,2.34551740420547
48,0.90506035,0.89591419,0.91365292,0.71964577,0.7100109,0.72913131,0.905060352831941,0.280354229783267,"MDF","CAD4TBv7",0.43092885374979,0.969983384212838,0.399048393162515,0.600951606837485,"",0.28035423,2.3205686769367
49,0.90157846,0.89229297,0.91031526,0.72325798,0.71365962,0.73270455,0.901578458681523,0.276742018177581,"MDF","CAD4TBv7",0.433165171358277,0.96906718862573,0.39546094187333,0.60453905812667,"",0.27674202,2.3085881925001
50,0.8992572,0.88988072,0.90808825,0.72838499,0.71883978,0.73777492,0.899257195914578,0.271615008156607,"MDF","CAD4TBv7",0.437127863418919,0.968576431058315,0.390867023830621,0.609132976169379,"",0.27161501,2.28766016464536
51,0.89740019,0.88795199,0.90630557,0.73292939,0.7234326,0.74226779,0.897400185701021,0.267070612910743,"MDF","CAD4TBv7",0.440774015230918,0.96820772934848,0.386833231740896,0.613166768259104,"",0.26707061,2.2687362808266
52,0.89438254,0.88481975,0.90340676,0.7365416,0.72708421,0.74583815,0.894382544103993,0.263458401305057,"MDF","CAD4TBv7",0.443301894797345,0.967458369743196,0.383333988436855,0.616666011563145,"",0.2634584,2.25579906545888
53,0.89322191,0.88361567,0.90229121,0.74015381,0.73073662,0.7494077,0.89322191272052,0.259846189699371,"MDF","CAD4TBv7",0.446390606259284,0.967267779185101,0.380187577073389,0.619812422926611,"",0.25984619,2.24019051023479
54,0.89090065,0.88120852,0.90005908,0.74504777,0.73568635,0.75424256,0.890900649953575,0.254952225588441,"MDF","CAD4TBv7",0.450449808390696,0.966792225195843,0.375782426217816,0.624217573782184,"",0.25495223,2.22000316433181
55,0.88927577,0.87952431,0.8984958,0.74947565,0.740166,0.75861564,0.889275766016713,0.2505243532976,"MDF","CAD4TBv7",0.454337854967571,0.966506651331045,0.371887121714231,0.628112878285769,"",0.25052435,2.20100524106973
56,0.886026,0.87615778,0.89536733,0.75320438,0.74393932,0.76229724,0.88602599814299,0.246795618736891,"MDF","CAD4TBv7",0.457149267767345,0.965722138241526,0.36824939082405,0.63175060917595,"",0.24679562,2.18746932459033
57,0.88440111,0.87447544,0.89380217,0.75704964,0.74783152,0.76609293,0.884401114206128,0.242950361221161,"MDF","CAD4TBv7",0.460592747634538,0.965420830848794,0.364826004288304,0.635173995711696,"",0.24295036,2.17111538367829
58,0.88207985,0.87207314,0.89156519,0.75996271,0.75078081,0.7689678,0.882079851439183,0.240037287345607,"MDF","CAD4TBv7",0.462937634832606,0.964881317106983,0.362025374523386,0.637974625476614,"",0.24003729,2.16011817739033
59,0.87975859,0.86967204,0.889327,0.76415754,0.75502881,0.77310659,0.879758588672238,0.23584246096481,"MDF","CAD4TBv7",0.466667840840747,0.964404194085639,0.358186525229221,0.641813474770779,"",0.23584246,2.14285175125503
60,0.87836583,0.86823193,0.88798352,0.76811932,0.75904192,0.77701434,0.878365831012071,0.231880680494057,"MDF","CAD4TBv7",0.470491846294318,0.964185723201801,0.35471285909248,0.64528714090752,"",0.23188068,2.12543534574762
61,0.87650882,0.86631244,0.88619158,0.77219762,0.76317422,0.78103586,0.876508820798514,0.227802377068282,"MDF","CAD4TBv7",0.474386962365063,0.963843804667461,0.351056601377027,0.648943398622973,"",0.22780238,2.10798373339454
62,0.87465181,0.86439367,0.88439891,0.77580983,0.76683525,0.78459679,0.874651810584958,0.224190165462596,"MDF","CAD4TBv7",0.477844775911131,0.963484593011926,0.347777878035845,0.652222121964155,"",0.22419017,2.09272979513744
63,0.87070566,0.86031861,0.88058716,0.77895595,0.77002467,0.78769746,0.870705663881151,0.221044045676998,"MDF","CAD4TBv7",0.480243243809149,0.962524537081646,0.344479753135787,0.655520246864213,"",0.22104405,2.08227812237043
64,0.8683844,0.85792297,0.87834351,0.78315078,0.77427836,0.79183056,0.868384401114206,0.216849219296201,"MDF","CAD4TBv7",0.484360609561816,0.962073831756792,0.340640903841622,0.659359096158378,"",0.21684922,2.06457746616651
65,0.86583101,0.85528895,0.87587429,0.78722908,0.77841517,0.79584757,0.865831012070566,0.212770915870426,"MDF","CAD4TBv7",0.488367969527144,0.961558926425947,0.336852334148453,0.663147665851547,"",0.21277092,2.04763633652763
66,0.86327762,0.85265616,0.87340383,0.79142391,0.78267151,0.79997801,0.863277623026927,0.208576089489629,"MDF","CAD4TBv7",0.492606099261066,0.961055382694034,0.332969380861716,0.667030619138284,"",0.20857609,2.03001952574288
67,0.86072423,0.85002457,0.87093218,0.79480308,0.78610124,0.80330431,0.860724233983287,0.205196923793987,"MDF","CAD4TBv7",0.495948559626628,0.960518788279196,0.329747112729954,0.670252887270046,"",0.20519692,2.01633814755475
68,0.85793872,0.84715508,0.8682345,0.79829876,0.7896502,0.80674434,0.857938718662953,0.201701235143323,"MDF","CAD4TBv7",0.49943372695072,0.959930082104507,0.326386357012053,0.673613642987947,"",0.20170124,2.00226766042709
69,0.85352832,0.84261448,0.8639604,0.80272664,0.79414698,0.81110027,0.853528319405757,0.197273362852482,"MDF","CAD4TBv7",0.503694474285873,0.958955676393297,0.321961804597604,0.678038195402396,"",0.19727336,1.98533049507398
70,0.85097493,0.83998722,0.86148441,0.80598928,0.79746145,0.81430885,0.850974930362117,0.194010720111862,"MDF","CAD4TBv7",0.507114289316242,0.958431924126575,0.318833920059411,0.681166079940589,"",0.19401072,1.97194206723761
71,0.8454039,0.83425872,0.85607854,0.81018411,0.80172425,0.81843283,0.845403899721448,0.189815893731065,"MDF","CAD4TBv7",0.510935686638823,0.957158255754455,0.314377614869238,0.685622385130762,"",0.18981589,1.95719349059071
72,0.84076137,0.82948872,0.85156989,0.81437893,0.8059886,0.82255527,0.840761374187558,0.185621067350268,"MDF","CAD4TBv7",0.515142957819875,0.956145470330984,0.310097725649353,0.689902274350647,"",0.18562107,1.94120871657079
73,0.83611885,0.824722,0.84705796,0.81915637,0.81084714,0.82724834,0.836118848653668,0.18084362619436,"MDF","CAD4TBv7",0.520270847449059,0.955175648603858,0.305345918461629,0.694654081538371,"",0.18084363,1.92207578976047
74,0.83379759,0.82233983,0.84480079,0.82393381,0.8157078,0.83193929,0.833797585886722,0.176066185038453,"MDF","CAD4TBv7",0.526255950318308,0.954821106996906,0.301035151199624,0.698964848800376,"",0.17606619,1.90021604391389
75,0.82938719,0.81781585,0.84051005,0.8289443,0.82080791,0.83685671,0.829387186629526,0.171055697972501,"MDF","CAD4TBv7",0.532127597956486,0.953944856576618,0.296138680817336,0.703861319182664,"",0.1710557,1.87924851828823
76,0.82636955,0.81472207,0.8375727,0.83430436,0.82626659,0.84211446,0.826369545032498,0.165695642041482,"MDF","CAD4TBv7",0.539139581425848,0.95345529371667,0.291223683609775,0.708776316390225,"",0.16569564,1.85480724185623
77,0.82126277,0.80948927,0.83259896,0.83896528,0.83101568,0.84668402,0.821262766945218,0.161034723840597,"MDF","CAD4TBv7",0.544683708131712,0.952405004952963,0.286478052030475,0.713521947969525,"",0.16103472,1.83592786982751
78,0.81499536,0.80307191,0.82649011,0.84269401,0.8348166,0.850338,0.814995357474466,0.157305989279888,"MDF","CAD4TBv7",0.54859099608935,0.951025130312461,0.282266969236858,0.717733030763142,"",0.15730599,1.82285164563133
79,0.81104921,0.79903392,0.82264121,0.84595665,0.83814366,0.85353398,0.811049210770659,0.154043346539268,"MDF","CAD4TBv7",0.552576051680177,0.950215810870786,0.278874460743233,0.721125539256767,"",0.15404335,1.80970564496846
80,0.80501393,0.79286191,0.81675093,0.8487532,0.84099637,0.85627245,0.805013927576602,0.151246795618737,"MDF","CAD4TBv7",0.555257489957491,0.948867579529088,0.275462550690731,0.724537449309269,"",0.1512468,1.80096625094883
81,0.79781801,0.78550867,0.8097222,0.85388021,0.8462287,0.86129062,0.797818012999072,0.146119785597763,"MDF","CAD4TBv7",0.561547177515856,0.947381438360971,0.269942448804011,0.730057551195989,"",0.14611979,1.7807942770254
82,0.7906221,0.7781614,0.8026875,0.85784199,0.85027401,0.86516614,0.790622098421541,0.14215800512701,"MDF","CAD4TBv7",0.566078898904298,0.945848121470261,0.265366182852971,0.734633817147029,"",0.14215801,1.76653820153975
83,0.78690808,0.77437151,0.79905443,0.8619203,0.85444034,0.86915361,0.786908077994429,0.138079701701235,"MDF","CAD4TBv7",0.57206228436911,0.945186687136022,0.261357093196942,0.738642906803058,"",0.1380797,1.74806140401798
84,0.78133705,0.76868948,0.79360202,0.86646469,0.85908534,0.87359426,0.78133704735376,0.133535306455372,"MDF","CAD4TBv7",0.578502861895614,0.94411225935798,0.256617637226066,0.743382362773934,"",0.13353531,1.72859991863003
85,0.77460539,0.76182805,0.78700933,0.870543,0.86325629,0.8775771,0.774605385329619,0.129457003029597,"MDF","CAD4TBv7",0.583946319979444,0.942744664505344,0.252035195666601,0.747964804333399,"",0.129457,1.71248617515939
86,0.76833798,0.75544399,0.78086713,0.87636914,0.86921885,0.88326281,0.768337975858867,0.12363085527849,"MDF","CAD4TBv7",0.593129872958712,0.94161393304652,0.246125208188762,0.753874791811238,"",0.12363086,1.68597139613234
87,0.75998143,0.74693797,0.77267148,0.8817292,0.87470884,0.88848923,0.759981429897864,0.118270799347471,"MDF","CAD4TBv7",0.601161468506606,0.939979892869247,0.240195819152046,0.759804180847954,"",0.1182708,1.6634465986055
88,0.75092851,0.73773064,0.76378531,0.88755535,0.88068134,0.89416498,0.750928505106778,0.112444651596364,"MDF","CAD4TBv7",0.610363202716112,0.938239491426908,0.233756583763343,0.766243416236657,"",0.11244465,1.6383687541287
89,0.74001857,0.72664465,0.75306631,0.89361454,0.88689878,0.90006172,0.740018570102136,0.106385457935213,"MDF","CAD4TBv7",0.620011300776162,0.936116240847988,0.226775749246928,0.773224250753072,"",0.10638546,1.61287382786112
90,0.72725162,0.71368502,0.74050946,0.90060592,0.89408102,0.90685737,0.727251624883937,0.0993940806338849,"MDF","CAD4TBv7",0.631851915471271,0.933672941528272,0.218687014041395,0.781312985958605,"",0.0993940800000001,1.58264931309758
91,0.7137883,0.70003339,0.72725278,0.90689816,0.90055326,0.91296522,0.713788300835655,0.0931018410626893,"MDF","CAD4TBv7",0.642649480436753,0.931074211589373,0.211032268419553,0.788967731580447,"",0.09310184,1.55605820971082
92,0.6961467,0.68216713,0.70985986,0.91260778,0.90643358,0.91850015,0.696146703806871,0.0873922162666045,"MDF","CAD4TBv7",0.651387559663273,0.927558152220312,0.203055568899255,0.796944431100745,"",0.08739222,1.53518436937441
93,0.67618384,0.66197879,0.69014965,0.92192962,0.91605087,0.92751997,0.676183844011142,0.0780703798648334,"MDF","CAD4TBv7",0.670145695371811,0.923882247868299,0.191711938052632,0.808288061947368,"",0.07807038,1.49221282313121
94,0.6492572,0.63479374,0.663518,0.92962014,0.92400291,0.93494351,0.649257195914578,0.0703798648333722,"MDF","CAD4TBv7",0.683934270816304,0.918693981591396,0.180366557738801,0.819633442261199,"",0.07037986,1.46212880779678
95,0.6174559,0.60275125,0.6320011,0.9385924,0.93330417,0.94358038,0.617455896007428,0.0614075972966674,"MDF","CAD4TBv7",0.702255982108406,0.912739095543371,0.167056774051712,0.832943225948288,"",0.0614076,1.4239821738473
96,0.57126277,0.55632425,0.58610457,0.94884642,0.94397242,0.95341274,0.571262766945218,0.0511535772547192,"MDF","CAD4TBv7",0.723723380678021,0.904167513757257,0.149974323295914,0.850025676704086,"",0.05115358,1.38174339353684
97,0.51207057,0.49702423,0.52710052,0.95910044,0.95469315,0.96319246,0.512070566388115,0.0408995572127709,"MDF","CAD4TBv7",0.745988940387159,0.89338898036391,0.130422048956086,0.869577951043914,"",0.0408995599999999,1.34050244696793
98,0.42734448,0.41250967,0.44227789,0.97319972,0.96955977,0.9765134,0.427344475394615,0.0268002796550921,"MDF","CAD4TBv7",0.789043237113449,0.878714753219109,0.102903676845601,0.897096323154399,"",0.02680028,1.26735767187904
99,0.29085422,0.27732192,0.30467064,0.98811466,0.98559039,0.99029882,0.290854224698236,0.0118853414122582,"MDF","CAD4TBv7",0.85163799689081,0.855912549682167,0.064889429236594,0.935110570763406,"",0.01188534,1.17420782498061
100,0,0,0.00085592,1,0.99957025,1,0,0,"MDF","CAD4TBv7",NA,0.81,0,1,"",0,NA
0,1,0.99914408,1,0,0,0.00042975,1,1,"MDF","CAD4TBv6",0.19,NA,1,0,"",1,5.26315789473684
1,1,0.99914408,1,0,0,0.00042975,1,1,"MDF","CAD4TBv6",0.19,NA,1,0,"",1,5.26315789473684
2,1,0.99914408,1,0.00023305,2.822e-05,0.00084159,1,0.999766954089956,"MDF","CAD4TBv6",0.190035873166796,1,0.999811232812864,0.000188767187135896,"",0.99976695,5.26216436578947
3,1,0.99914408,1,0.00081566,0.000328,0.00167985,1,0.999184339314845,"MDF","CAD4TBv6",0.190125613064617,1,0.999339314845025,0.000660685154975416,"",0.99918434,5.25968060736842
4,1,0.99914408,1,0.00139828,0.00072271,0.00244123,1,0.998601724539734,"MDF","CAD4TBv6",0.190215439300016,1,0.998867396877185,0.00113260312281527,"",0.99860172,5.25719680631579
5,1,0.99914408,1,0.00326264,0.00216906,0.004712,1,0.99673735725938,"MDF","CAD4TBv6",0.190503450784721,1,0.997357259380098,0.00264274061990211,"",0.99673736,5.24924874526316
6,1,0.99914408,1,0.00594267,0.00442782,0.0078062,1,0.994057329293871,"MDF","CAD4TBv6",0.190919000579913,1,0.995186436728035,0.00481356327196458,"",0.99405733,5.23782335421053
7,1,0.99914408,1,0.00978793,0.00781453,0.01210398,1,0.99021207177814,"MDF","CAD4TBv6",0.191518400646383,1,0.992071778140294,0.00792822185970643,"",0.99021207,5.22143040368421
8,0.99976787,0.99870736,0.99999412,0.01293405,0.01065173,0.01555531,0.999767873723305,0.987065951992543,"MDF","CAD4TBv6",0.191975610261641,0.99580781107299,0.989479317121388,0.0105206828786124,"",0.98706595,5.20899503138506
9,0.99976787,0.99870736,0.99999412,0.0157306,0.01320515,0.0185921,0.999767873723305,0.984269401072011,"MDF","CAD4TBv6",0.19241610660801,0.996550517986205,0.987214110875757,0.0127858891242429,"",0.9842694,5.19707012904695
10,0.99976787,0.99870736,0.99999412,0.02004195,0.01718249,0.02323343,0.999767873723305,0.979958051736192,"MDF","CAD4TBv6",0.193099180011173,0.997290547250026,0.983721917913744,0.0162780820862565,"",0.97995805,5.1786858957254
11,0.99953575,0.99832398,0.99994377,0.02423677,0.02108724,0.0277147,0.999535747446611,0.975763225355395,"MDF","CAD4TBv6",0.193732189573547,0.995527001046531,0.980280004552726,0.019719995447274,"",0.97576323,5.16176481668457
12,0.99953575,0.99832398,0.99994377,0.02889769,0.02545592,0.03266404,0.999535747446611,0.971102307154509,"MDF","CAD4TBv6",0.194481193566314,0.996245744325669,0.976504660810009,0.0234953391899914,"",0.97110231,5.14188534974731
13,0.99930362,0.99796625,0.99985637,0.03390818,0.03017961,0.03795737,0.999303621169916,0.966091820088557,"MDF","CAD4TBv6",0.195256360737746,0.995205721528905,0.972402062294016,0.0275979377059844,"",0.96609182,5.12147208020089
14,0.99930362,0.99796625,0.99985637,0.04066651,0.03658603,0.04506245,0.999303621169916,0.959333488697273,"MDF","CAD4TBv6",0.196361801691379,0.995999290678865,0.966927813867076,0.0330721861329244,"",0.95933349,5.09264017434356
15,0.99930362,0.99796625,0.99985637,0.045677,0.04135642,0.05030929,0.999303621169916,0.954323001631321,"MDF","CAD4TBv6",0.197189467241325,0.996436580419198,0.962869319343654,0.0371306806563456,"",0.954323,5.07126477894571
16,0.99930362,0.99796625,0.99985637,0.05080401,0.04625291,0.05566305,0.999303621169916,0.949195991610347,"MDF","CAD4TBv6",0.198043634110846,0.99679503901702,0.958716441226665,0.0412835587733346,"",0.94919599,5.04939229422691
17,0.99860724,0.99697104,0.99948872,0.05639711,0.05160949,0.0614886,0.998607242339833,0.943602889769285,"MDF","CAD4TBv6",0.198872843655025,0.994240570077882,0.954053716757689,0.0459462832423113,"",0.94360289,5.02833861889485
18,0.99837512,0.996655,0.99934647,0.06082498,0.05585979,0.06609085,0.998375116063138,0.939175017478443,"MDF","CAD4TBv6",0.199586147448179,0.993772768766524,0.950423036209535,0.0495769637904646,"",0.93917502,5.01036776743057
19,0.99837512,0.996655,0.99934647,0.0639711,0.05888441,0.06935621,0.998375116063138,0.936028897692845,"MDF","CAD4TBv6",0.200122733988188,0.994077212175177,0.947874679183201,0.0521253208167988,"",0.9360289,4.99693353209447
20,0.99837512,0.996655,0.99934647,0.06863202,0.06337184,0.0741873,0.998375116063138,0.93136797949196,"MDF","CAD4TBv6",0.200923001898442,0.994477217599532,0.944099335440484,0.0559006645595161,"",0.93136798,4.9770309549001
21,0.99814299,0.99634425,0.99919794,0.07480774,0.06932854,0.08057765,0.998142989786444,0.925192262875786,"MDF","CAD4TBv6",0.201955787967369,0.994210850188539,0.939052900988811,0.0609470990111887,"",0.92519226,4.95157880873202
22,0.99744661,0.99543589,0.99872469,0.07958518,0.07394423,0.08551346,0.99744661095636,0.920414821719879,"MDF","CAD4TBv6",0.202678660580807,0.99253039992913,0.93505086167481,0.0649491383251898,"",0.92041482,4.93391853456276
23,0.99744661,0.99543589,0.99872469,0.08447914,0.07867882,0.09056336,0.99744661095636,0.915520857608949,"MDF","CAD4TBv6",0.203541566230156,0.992960074911576,0.931086750744957,0.0689132492550429,"",0.91552086,4.91300140075193
24,0.99744661,0.99543589,0.99872469,0.09065486,0.08466177,0.0969275,0.99744661095636,0.909345140992776,"MDF","CAD4TBv6",0.204641015387397,0.993436511011541,0.926084420285857,0.0739155797141434,"",0.90934514,4.88660593335575
25,0.99651811,0.99426364,0.99804994,0.09531578,0.0891829,0.10172494,0.996518105849582,0.90468422279189,"MDF","CAD4TBv6",0.205326683781913,0.991504023479502,0.922132660572852,0.0778673394271484,"",0.90468422,4.87028759039496
26,0.99605385,0.99368933,0.9976996,0.10114192,0.09484067,0.10771541,0.996053853296193,0.898858075040783,"MDF","CAD4TBv6",0.206306570187768,0.990931103650002,0.917325272909311,0.0826747270906891,"",0.89885808,4.8471553721719
27,0.99605385,0.99368933,0.9976996,0.10522023,0.09880504,0.11190481,0.996053853296193,0.894779771615008,"MDF","CAD4TBv6",0.207052197377831,0.99127954651104,0.914021847134433,0.0859781528655668,"",0.89477977,4.82970001122561
28,0.99582173,0.99340454,0.99752187,0.11081333,0.10424681,0.11764536,0.995821727019499,0.889186669773945,"MDF","CAD4TBv6",0.208045174434386,0.991233043572611,0.909447330650601,0.0905526693493994,"",0.88918667,4.80664837681867
29,0.99582173,0.99340454,0.99752187,0.116756,0.11003455,0.12373884,0.995821727019499,0.883243999067816,"MDF","CAD4TBv6",0.209152184283257,0.991675551301774,0.904633767378636,0.095366232621364,"",0.883244,4.78120753759706
30,0.9955896,0.99312115,0.99734263,0.12060126,0.11378259,0.12767865,0.995589600742804,0.879398741552086,"MDF","CAD4TBv6",0.209836127775653,0.991494787831335,0.901475004798322,0.0985249952016777,"",0.87939874,4.76562358732216
31,0.9946611,0.99199973,0.99661267,0.1279422,0.12094415,0.13519391,0.994661095636026,0.872057795385691,"MDF","CAD4TBv6",0.211073989750854,0.990306597937059,0.895352422433255,0.104647577566745,"",0.8720578,4.73767516869499
32,0.99442897,0.99172202,0.99642737,0.13411792,0.1269749,0.14151032,0.994428969359331,0.865882078769518,"MDF","CAD4TBv6",0.212220861830884,0.990350469535069,0.890305987981582,0.109694012018418,"",0.86588208,4.71207209024005
33,0.99442897,0.99172202,0.99642737,0.1411093,0.13380831,0.14865485,0.994428969359331,0.858890701468189,"MDF","CAD4TBv6",0.213579387877063,0.990824176801981,0.884642972367506,0.115357027632494,"",0.8588907,4.68209975662822
34,0.99442897,0.99172202,0.99642737,0.14763458,0.1401917,0.15531754,0.994428969359331,0.852365415986949,"MDF","CAD4TBv6",0.214863130730957,0.99122617939993,0.879357491127702,0.120642508872298,"",0.85236542,4.65412561288685
35,0.99396472,0.99116933,0.99605388,0.15404335,0.14646602,0.16185634,0.993964716805942,0.845956653460732,"MDF","CAD4TBv6",0.21605995940432,0.990893530366291,0.874078185496322,0.125921814503678,"",0.84595665,4.62834484814776
36,0.99326834,0.99034641,0.9954872,0.16045211,0.15274495,0.16839053,0.993268337975859,0.839547890934514,"MDF","CAD4TBv6",0.217231593911394,0.990254766183893,0.86875477587237,0.13124522412763,"",0.83954789,4.60338195745085
37,0.99303621,0.99007357,0.99529677,0.16476346,0.15697145,0.17278377,0.993036211699164,0.835236541598695,"MDF","CAD4TBv6",0.218068481950114,0.990183223386302,0.865218478917784,0.134781521082216,"",0.83523654,4.58571541864892
38,0.99257196,0.98952987,0.99491384,0.17058961,0.16268598,0.17871754,0.992571959145775,0.829410393847588,"MDF","CAD4TBv6",0.21918438170365,0.989889400362737,0.860411091254244,0.139588908745756,"",0.82941039,4.56236887057062
39,0.99233983,0.98925895,0.9947214,0.17618271,0.1681751,0.18441078,0.992339832869081,0.823817292006525,"MDF","CAD4TBv6",0.220304405930222,0.989904288998612,0.855836574770411,0.144163425229589,"",0.82381729,4.53917385708907
40,0.99210771,0.98898862,0.99452834,0.18014449,0.17206505,0.18844168,0.992107706592386,0.819855511535773,"MDF","CAD4TBv6",0.221093278041055,0.989827906865179,0.852583428596529,0.147416571403471,"",0.81985551,4.52297785287849
41,0.99164345,0.98844962,0.99414051,0.1852715,0.17710126,0.19365597,0.991643454038997,0.814728501514798,"MDF","CAD4TBv6",0.222094603210483,0.989530733197158,0.848342342494396,0.151657657505604,"",0.8147285,4.50258576995805
42,0.99094708,0.98764494,0.99355479,0.19039851,0.18213985,0.1988679,0.990947075208914,0.809601491493824,"MDF","CAD4TBv6",0.223065398748844,0.988969966733562,0.844057152399691,0.155942847600309,"",0.80960149,4.4829902154656
43,0.99048282,0.98711081,0.9931619,0.19517595,0.18683697,0.20372239,0.990482822655525,0.804824050337917,"MDF","CAD4TBv6",0.224011321697028,0.98869133622639,0.840099217078262,0.159900782921738,"",0.80482405,4.46406008600087
44,0.99001857,0.98657839,0.99276724,0.20228385,0.19382893,0.21094137,0.990018570102136,0.797716150081566,"MDF","CAD4TBv6",0.225475234497451,0.988557990929929,0.834253609885474,0.165746390114526,"",0.79771615,4.43507688207463
45,0.98653668,0.98262989,0.98976129,0.24807737,0.23896821,0.25735786,0.986536675951718,0.751922628757865,"MDF","CAD4TBv6",0.235332246139659,0.987429867348294,0.796499297724697,0.203500702275303,"",0.75192263,4.24931141568481
46,0.98305478,0.97874051,0.98669474,0.28851084,0.27894008,0.29822537,0.9830547818013,0.711489163365183,"MDF","CAD4TBv6",0.244769599407728,0.986410257175006,0.763086630868045,0.236913369131955,"",0.71148916,4.08547467667436
47,0.97980501,0.97514849,0.98379381,0.32859473,0.31865855,0.3386474,0.979805013927577,0.671405266837567,"MDF","CAD4TBv6",0.255017315925841,0.985788646494896,0.730001218784669,0.269998781215331,"",0.67140527,3.92130234909538
48,0.97655525,0.97158462,0.98086426,0.36669774,0.35649055,0.37699551,0.976555246053853,0.633302260545327,"MDF","CAD4TBv6",0.265626482202301,0.985224534470511,0.698520327791947,0.301479672208053,"",0.63330226,3.76468487520157
49,0.97144847,0.96602839,0.97621593,0.40083897,0.39044747,0.41129783,0.971448467966574,0.599161034723841,"MDF","CAD4TBv6",0.275528302151807,0.983566437113521,0.66989564703996,0.33010435296004,"",0.59916103,3.62939121749109
50,0.9681987,0.9625152,0.97323506,0.43171755,0.42120458,0.44227691,0.96819870009285,0.568282451642974,"MDF","CAD4TBv6",0.28553050995606,0.983014679143377,0.64426653884845,0.35573346115155,"",0.56828245,3.50225270201034
51,0.96332405,0.957272,0.96873687,0.45513866,0.44456131,0.46574649,0.963324048282266,0.544861337683524,"MDF","CAD4TBv6",0.293146352200373,0.981448721674407,0.624369252697284,0.375630747302716,"",0.54486134,3.41126537135442
52,0.95705664,0.95056925,0.96291465,0.47553018,0.46491592,0.48616106,0.957056638811513,0.524469820554649,"MDF","CAD4TBv6",0.299740162862054,0.979256455752389,0.606661316023453,0.393338683976547,"",0.52446982,3.33622291537961
53,0.95380687,0.94710804,0.95988131,0.49370776,0.48307549,0.5043443,0.95380687093779,0.506292239571196,"MDF","CAD4TBv6",0.306472467128615,0.978524285203407,0.591320019530849,0.408679980469151,"",0.50629224,3.2629358498959
54,0.9505571,0.94365532,0.95683943,0.50932184,0.49868526,0.51995208,0.950557103064067,0.490678163598229,"MDF","CAD4TBv6",0.312437050881808,0.977736068608327,0.578055162096738,0.421944837903262,"",0.49067816,3.20064472884264
55,0.94452182,0.93726305,0.95117016,0.5243533,0.51372233,0.53496772,0.944521819870009,0.475646702400373,"MDF","CAD4TBv6",0.317776992744419,0.975783016995779,0.564732974719604,0.435267025280396,"",0.4756467,3.1468609208102
56,0.94057567,0.93309594,0.94745082,0.53915171,0.52853564,0.54974119,0.940575673166202,0.460848287112561,"MDF","CAD4TBv6",0.323750929263604,0.974797914517579,0.551996490462753,0.448003509537247,"",0.46084829,3.08879422299906
57,0.93337976,0.92551911,0.94064634,0.55220228,0.5416071,0.562762,0.933379758588672,0.447797716150082,"MDF","CAD4TBv6",0.328375939976004,0.972479455963319,0.540058304213414,0.459941695786586,"",0.44779772,3.04529010277999
58,0.92804085,0.91991389,0.93558148,0.56886507,0.55830722,0.57937613,0.928040854224698,0.431134933581916,"MDF","CAD4TBv6",0.335512795456731,0.971183151799729,0.525547058504044,0.474452941495956,"",0.43113493,2.98051225926781
59,0.92177344,0.91334945,0.9296201,0.58144955,0.57092789,0.59191586,0.921773444753946,0.418550454439525,"MDF","CAD4TBv6",0.340625473944593,0.969407350952692,0.514162822599265,0.485837177400735,"",0.41855045,2.9357757316843
60,0.91457753,0.90583105,0.92275694,0.59193661,0.58145045,0.60236031,0.914577530176416,0.408063388487532,"MDF","CAD4TBv6",0.344575371267411,0.967257808048731,0.50430107540842,0.49569892459158,"",0.40806339,2.9021226802189
61,0.90645311,0.89736368,0.91498698,0.60207411,0.59162691,0.61245196,0.906453110492108,0.397925891400606,"MDF","CAD4TBv6",0.348250859127557,0.964835749102489,0.494546063027991,0.505453936972009,"",0.39792589,2.87149327500645
62,0.89879294,0.88939845,0.90764266,0.6137264,0.60332972,0.62404582,0.898792943361189,0.386273595898392,"MDF","CAD4TBv6",0.353085610403123,0.962758930747485,0.483652271916323,0.516347728083677,"",0.3862736,2.8321743241201
63,0.89159703,0.88193052,0.90072886,0.62817525,0.61784985,0.63841356,0.891597028783658,0.371824749475647,"MDF","CAD4TBv6",0.35998746603466,0.961095874725929,0.470581482544169,0.529418517455831,"",0.37182475,2.77787449384062
64,0.88277623,0.8727937,0.89223641,0.64145887,0.63120763,0.65161398,0.882776230269266,0.358541132603123,"MDF","CAD4TBv6",0.366100669407208,0.958895739372518,0.45814580115969,0.54185419884031,"",0.35854113,2.73148913280931
65,0.87047354,0.860079,0.88036284,0.65404335,0.64387017,0.66411185,0.870473537604457,0.345956653460732,"MDF","CAD4TBv6",0.371150039597053,0.955608428898279,0.44561486144804,0.55438513855196,"",0.34595665,2.69432815118563
66,0.85701021,0.84619889,0.86733497,0.66662783,0.65654049,0.67660192,0.857010213556175,0.333372174318341,"MDF","CAD4TBv6",0.376173963432384,0.952096091162111,0.432863401773529,0.567136598226471,"",0.33337217,2.65834453526645
67,0.84354689,0.83235032,0.85427548,0.67944535,0.66945366,0.68931508,0.843546889507892,0.320554649265905,"MDF","CAD4TBv6",0.381674359532539,0.948754906850921,0.419923174911883,0.580076825088117,"",0.32055465,2.62003452687983
68,0.82636955,0.81472207,0.8375727,0.69331158,0.683433,0.70305877,0.826369545032498,0.306688417618271,"MDF","CAD4TBv6",0.387270436466655,0.944515085930142,0.405427831826974,0.594572168173026,"",0.30668842,2.58217489856369
69,0.80896007,0.79689695,0.82060277,0.70647868,0.6967171,0.7160999,0.808960074280409,0.293521323700769,"MDF","CAD4TBv6",0.392644206778648,0.940353519029419,0.391454686310901,0.608545313689099,"",0.29352132,2.5468349786802
70,0.79387187,0.7814788,0.80586519,0.72209275,0.71248253,0.73155198,0.793871866295265,0.277907247727802,"MDF","CAD4TBv6",0.40122211931416,0.93724260836562,0.37594052525562,0.62405947474438,"",0.27790725,2.49238502032086
71,0.77321263,0.76040903,0.78564474,0.73700769,0.72755544,0.74629878,0.773212627669452,0.262992309484969,"MDF","CAD4TBv6",0.40815907912681,0.932679423999471,0.35993416994002,0.64006583005998,"",0.26299231,2.45002512779904
72,0.75580316,0.74268748,0.76857113,0.75145654,0.74217046,0.7605716,0.755803156917363,0.248543463062223,"MDF","CAD4TBv6",0.416332579785976,0.929172622993928,0.3449228048947,0.6550771951053,"",0.24854346,2.40192588462347
73,0.73212628,0.71863159,0.74530555,0.76474015,0.75561891,0.77368133,0.732126276694522,0.235259846189699,"MDF","CAD4TBv6",0.421956277188968,0.924073833697769,0.329664467985616,0.670335532014384,"",0.23525985,2.36991378979335
74,0.70728877,0.69344823,0.72084772,0.77837334,0.76943398,0.78712332,0.707288765088208,0.221626660452109,"MDF","CAD4TBv6",0.428110266847545,0.918939902083086,0.313902460332968,0.686097539667032,"",0.22162666,2.33584680732759
75,0.68361188,0.66948726,0.69748715,0.79387089,0.78515502,0.8023868,0.683611884865367,0.206129107434165,"MDF","CAD4TBv6",0.437547216706292,0.914507837165476,0.296850835146093,0.703149164853907,"",0.20612911,2.28546762913421
76,0.6545961,0.64017983,0.66880246,0.80692146,0.79840861,0.81522542,0.654596100278552,0.193078536471685,"MDF","CAD4TBv6",0.442976965782848,0.908754562538059,0.28076687359499,0.71923312640501,"",0.19307854,2.25745372162355
77,0.62650882,0.61186599,0.64097991,0.81915637,0.81084714,0.82724834,0.626508820798514,0.18084362619436,"MDF","CAD4TBv6",0.448315262813062,0.903382902522145,0.26552001316915,0.73447998683085,"",0.18084363,2.2305731768427
78,0.60051068,0.58570458,0.61518035,0.83069215,0.8225876,0.83857151,0.600510677808728,0.169307853647168,"MDF","CAD4TBv6",0.454142133806838,0.898628927002948,0.251236390237865,0.748763609762135,"3/4 Xpert Saved",0.16930785,2.20195380599796
79,0.57172702,0.55679019,0.5865665,0.84490795,0.83707412,0.85250683,0.571727019498607,0.155092053134468,"MDF","CAD4TBv6",0.463722025160075,0.893735354216343,0.234252696743654,0.765747303256346,"",0.15509205,2.15646431642923
80,0.53853296,0.5235087,0.55350493,0.85516197,0.84753727,0.86254467,0.538532961931291,0.144838033092519,"MDF","CAD4TBv6",0.465858820466293,0.887643209423602,0.219640069571886,0.780359930428114,"",0.14483803,2.14657307335958
81,0.50394615,0.48890144,0.5189855,0.86623165,0.85884707,0.8733666,0.503946146703807,0.133768352365416,"MDF","CAD4TBv6",0.469126743369834,0.881579992497228,0.20410213328971,0.79589786671029,"",0.13376835,2.13162010934784
82,0.48026927,0.46525178,0.49531353,0.87683524,0.86969607,0.88371746,0.480269266480966,0.123164763458401,"MDF","CAD4TBv6",0.477718212254782,0.877934953136485,0.191014619032689,0.808985380967311,"",0.12316476,2.09328422979752
83,0.44637883,0.43145878,0.46137165,0.8873223,0.88044233,0.89393806,0.446378830083565,0.112677697506409,"MDF","CAD4TBv6",0.481664795100022,0.872332096468308,0.176080912696069,0.823919087303931,"",0.1126777,2.07613263450641
84,0.41318477,0.39842785,0.42805953,0.89874155,0.89216485,0.9050461,0.413184772516249,0.101258447914239,"MDF","CAD4TBv6",0.489053884992329,0.867185061189391,0.160524449588621,0.839475550411379,"",0.10125845,2.04476445374866
85,0.37975859,0.36523561,0.39444479,0.90724773,0.90091307,0.9133043,0.379758588672238,0.0927522721976229,"MDF","CAD4TBv6",0.489899726751958,0.861799479821788,0.1472834723278,0.8527165276722,"",0.09275227,2.04123404319903
86,0.35027855,0.3360224,0.36473798,0.91528781,0.90919632,0.92109558,0.350278551532033,0.0847121883010953,"MDF","CAD4TBv6",0.49236534557116,0.857258597963376,0.135169797314974,0.864830202685027,"",0.08471219,2.03101215184015
87,0.31987001,0.3059518,0.33403284,0.92391051,0.91809749,0.92943374,0.319870009285051,0.076089489629457,"MDF","CAD4TBv6",0.496498650092436,0.852750860307544,0.12240778836402,0.87759221163598,"",0.07608949,2.01410416687704
88,0.28783658,0.27434817,0.30161321,0.93101841,0.92545067,0.93629131,0.287836583101207,0.0689815893731065,"MDF","CAD4TBv6",0.494635969704149,0.847868699269872,0.110564038181446,0.889435961818554,"",0.06898159,2.02168879994336
89,0.25719591,0.24419591,0.2705259,0.93987416,0.9346353,0.94481184,0.25719591457753,0.0601258447914239,"MDF","CAD4TBv6",0.50084705306139,0.843608208190032,0.0975691580507841,0.902430841949216,"",0.06012584,1.99661751803784
90,0.22748375,0.21503763,0.24030041,0.94639944,0.94142237,0.95107062,0.227483751160631,0.0536005593101841,"MDF","CAD4TBv6",0.498877280881685,0.839299044264355,0.0866383657617691,0.913361634238231,"",0.05360056,2.00450098315293
91,0.2049675,0.19300021,0.21733613,0.95152645,0.94676873,0.95597452,0.204967502321263,0.04847354928921,"MDF","CAD4TBv6",0.497955752921362,0.836127806751827,0.0782074003653,0.9217925996347,"",0.04847355,2.0082105571294
92,0.17734448,0.16604422,0.18908396,0.95758564,0.95310545,0.9617517,0.177344475394615,0.0424143556280587,"MDF","CAD4TBv6",0.495149376227119,0.832282064053886,0.0680510783837044,0.931948921616296,"",0.04241436,2.0195925674383
93,0.15482823,0.14414681,0.16597986,0.96259613,0.95836316,0.96651117,0.154828226555246,0.0374038685621067,"MDF","CAD4TBv6",0.492633522648831,0.829219278584269,0.0597144965808032,0.940285503419197,"",0.03740387,2.02990652082124
94,0.12465181,0.11492875,0.13488687,0.96865533,0.96474772,0.9722403,0.124651810584958,0.0313446749009555,"MDF","CAD4TBv6",0.482624479086032,0.825101021684827,0.049073030680916,0.950926969319084,"",0.03134467,2.07200430838847
95,0.10909935,0.09994092,0.11879148,0.97261711,0.96894152,0.97596689,0.109099350046425,0.0273828944302027,"MDF","CAD4TBv6",0.483089051113997,0.823139987130415,0.042909020997285,0.957090979002715,"",0.02738289,2.07001172494805
96,0.08797586,0.07968274,0.09683242,0.97599627,0.97253352,0.97913043,0.0879758588672238,0.0240037287345607,"MDF","CAD4TBv6",0.462282550079525,0.820214656808182,0.0361584334597667,0.963841566540233,"",0.02400373,2.16317920680323
97,0.08774373,0.07946086,0.09659038,0.97622932,0.97278183,0.97934802,0.0877437325905292,0.0237706828245164,"MDF","CAD4TBv6",0.464051470096102,0.820212336290021,0.0359255622800589,0.964074437719941,"",0.02377068,2.15493337364691
98,0.06151346,0.05452186,0.06910658,0.98333722,0.98040068,0.98593861,0.0615134633240483,0.0166627825681659,"MDF","CAD4TBv6",0.464079077940014,0.817080846590005,0.0251844119117836,0.974815588088216,"",0.01666278,2.15480517768409
99,0.06104921,0.05408328,0.06861734,0.98333722,0.98040068,0.98593861,0.0610492107706592,0.0166627825681659,"MDF","CAD4TBv6",0.462195436530939,0.817006918619983,0.0250962039266397,0.97490379607336,"",0.01666278,2.16358691791856
100,0,0,0.00085592,1,0.99957025,1,0,0,"MDF","CAD4TBv6",NA,0.81,0,1,"",0,NA
0,1,0.99914408,1,0,0,0.00042975,1,1,"MDF","qXRv2",0.19,NA,1,0,"",1,5.26315789473684
1,1,0.99914408,1,0,0,0.00042975,1,1,"MDF","qXRv2",0.19,NA,1,0,"",1,5.26315789473684
2,1,0.99914408,1,0,0,0.00042975,1,1,"MDF","qXRv2",0.19,NA,1,0,"",1,5.26315789473684
3,1,0.99914408,1,0.00198089,0.00115435,0.00316971,1,0.998019109764624,"MDF","qXRv2",0.190305348909707,1,0.998395478909345,0.0016045210906549,"",0.99801911,5.25471304789474
4,0.99976787,0.99870736,0.99999412,0.01549755,0.01299146,0.01833993,0.999767873723305,0.984502446982055,"MDF","qXRv2",0.192379320727195,0.996498826771535,0.987402878062893,0.0125971219371072,"",0.98450245,5.19806388867574
5,0.99930362,0.99796625,0.99985637,0.04078303,0.03669678,0.04518466,0.999303621169916,0.959216965742251,"MDF","qXRv2",0.19638097031116,0.996010675389024,0.966833430273508,0.0331665697264925,"",0.95921697,5.0921430850226
6,0.99837512,0.996655,0.99934647,0.08051736,0.07484558,0.08647582,0.998375116063138,0.919482638079702,"MDF","qXRv2",0.202992952092613,0.995288606472862,0.934472208896555,0.0655277911034453,"",0.91948264,4.92627940867504
7,0.99791086,0.99603789,0.99904428,0.12036821,0.11355537,0.12743994,0.997910863509749,0.87963178746213,"MDF","qXRv2",0.210178529816741,0.995945289923023,0.902104811911178,0.0978951880888222,"",0.87963179,4.75785990544286
8,0.99535747,0.99283906,0.99716199,0.16441389,0.15662868,0.17242763,0.99535747446611,0.835586110463761,"MDF","qXRv2",0.218395427551148,0.99342012339443,0.865942669624208,0.134057330375792,"",0.83558611,4.57885044212201
9,0.99419684,0.99144524,0.99624109,0.20682825,0.19830138,0.2155546,0.994196843082637,0.793171754835703,"MDF","qXRv2",0.227213143318446,0.993461557093891,0.83136652160262,0.16863347839738,"",0.79317175,4.40115384785847
10,0.99303621,0.99007357,0.99529677,0.24446516,0.23540222,0.25370189,0.993036211699164,0.755534840363552,"MDF","qXRv2",0.235651657712561,0.993362492396197,0.800660100917318,0.199339899082682,"",0.75553484,4.24355173100358
11,0.99141133,0.9881809,0.99394578,0.27196458,0.26257074,0.28151346,0.991411327762303,0.728035422978327,"MDF","qXRv2",0.242094536572925,0.992646791252773,0.778076844887282,0.221923155112718,"",0.72803542,4.13061779152862
12,0.98792943,0.98420085,0.99097234,0.29888138,0.28920773,0.30869174,0.987929433611885,0.701118620368212,"MDF","qXRv2",0.248416415160397,0.99061568234082,0.75561267488451,0.24438732511549,"",0.70111862,4.02549887596728
13,0.98514392,0.98106823,0.98854071,0.32171988,0.31184031,0.33172061,0.985143918291551,0.678280121183873,"MDF","qXRv2",0.254115326024039,0.989284410236384,0.736584242634332,0.263415757365668,"",0.67828012,3.93522112832108
14,0.98328691,0.97899836,0.98690066,0.34444186,0.3343843,0.35460512,0.983286908077994,0.655558144954556,"MDF","qXRv2",0.260264124038223,0.988746327007088,0.717826609948009,0.282173390051991,"",0.65555814,3.84225065093158
15,0.98166202,0.97719718,0.98545545,0.36063855,0.35046974,0.37090205,0.981662024141133,0.639361454206479,"MDF","qXRv2",0.264787287824862,0.988213128528865,0.704398562494063,0.295601437505937,"",0.63936145,3.77661634821921
16,0.98026927,0.97565975,0.98421014,0.37601958,0.36575672,0.38636667,0.980269266480966,0.623980424143556,"MDF","qXRv2",0.269275425761317,0.98784126371245,0.691675304187664,0.308324695812336,"",0.62398042,3.71366973860581
17,0.97841226,0.97361804,0.98254142,0.3888371,0.3785043,0.39924543,0.978412256267409,0.611162899091121,"MDF","qXRv2",0.273002398737234,0.98714450517467,0.680940276954616,0.319059723045384,"",0.6111629,3.66297147799974
18,0.97655525,0.97158462,0.98086426,0.40235376,0.39195532,0.41281855,0.976555246053853,0.597646236308553,"MDF","qXRv2",0.277082892166805,0.986516259935549,0.66963894816016,0.33036105183984,"",0.59764624,3.60902830261349
19,0.97585887,0.97082403,0.98023336,0.41540433,0.40495029,0.42591585,0.97585886722377,0.584595665346073,"MDF","qXRv2",0.281382829144668,0.98655146726253,0.658935673702836,0.341064326297164,"",0.58459567,3.55387712547971
20,0.97516249,0.97006442,0.97960146,0.4274062,0.41690767,0.43795405,0.975162488393686,0.572593800978793,"MDF","qXRv2",0.285450706695934,0.986552058037486,0.649081851587623,0.350918148412377,"",0.5725938,3.50323182441869
21,0.97423398,0.96905309,0.97875743,0.43824283,0.42770955,0.44881808,0.974233983286908,0.561757166161734,"MDF","qXRv2",0.289167985891199,0.986396439322316,0.640127761415517,0.359872238584483,"",0.56175717,3.45819747963474
22,0.97284123,0.96753907,0.97748837,0.44744815,0.43688933,0.45804267,0.972841225626741,0.552551852714985,"MDF","qXRv2",0.292279944315251,0.985962289966152,0.632406833568218,0.367593166431782,"",0.55255185,3.42137741384475
23,0.97121634,0.96577692,0.97600355,0.45548823,0.4449101,0.4660966,0.971216341689879,0.544511768818457,"MDF","qXRv2",0.294973371034307,0.985393467880962,0.625585637664027,0.374414362335973,"",0.54451177,3.39013652823493
24,0.96912721,0.96351739,0.97408833,0.46329527,0.45270103,0.47391445,0.969127205199629,0.536704730831974,"MDF","qXRv2",0.297535277553194,0.984609573724616,0.618865000961828,0.381134999038172,"",0.53670473,3.36094599680274
25,0.96750232,0.96176433,0.97259431,0.47261711,0.46200703,0.48324578,0.967502321262767,0.527382894430203,"MDF","qXRv2",0.300857220139533,0.984126869411175,0.61100558552839,0.38899441447161,"",0.52738289,3.32383580336286
26,0.96587744,0.96001478,0.97109676,0.47914239,0.46852344,0.48977551,0.965877437325905,0.520857608948963,"MDF","qXRv2",0.303127295521258,0.983569504963904,0.605411376340582,0.394588623659418,"",0.52085761,3.29894408974421
27,0.96448468,0.95851777,0.9698105,0.48706595,0.47643864,0.49770205,0.964484679665738,0.512934048007457,"MDF","qXRv2",0.30606867262899,0.983183670772205,0.598728668022531,0.401271331977469,"",0.51293405,3.26724062090529
28,0.96402043,0.95801927,0.96938124,0.49557213,0.4849388,0.50620846,0.964020427112349,0.504427872290841,"MDF","qXRv2",0.309528923415293,0.983255049743061,0.591750457706928,0.408249542293072,"",0.50442787,3.23071585351753
29,0.96355617,0.95752103,0.96895172,0.50128175,0.49064611,0.51191653,0.96355617455896,0.498718247494756,"MDF","qXRv2",0.31186369933137,0.983232552732727,0.587037453636955,0.412962546363045,"",0.49871825,3.2065290129758
30,0.96100279,0.9547849,0.96658513,0.50722442,0.49658783,0.51785611,0.96100278551532,0.492775576788627,"MDF","qXRv2",0.313870324318927,0.982285067291726,0.581738746446699,0.418261253553301,"",0.49277558,3.18602914171615
31,0.95891365,0.95255124,0.96464379,0.51444885,0.50381311,0.52507477,0.95891364902507,0.485551153577255,"MDF","qXRv2",0.316588621149428,0.981610781937456,0.575490027712339,0.424509972287661,"",0.48555115,3.15867322195388
32,0.95775302,0.95131212,0.96356345,0.51957586,0.50894207,0.53019634,0.957753017641597,0.480424143556281,"MDF","qXRv2",0.318626818294811,0.981284128252407,0.571116629632491,0.428883370367509,"",0.48042414,3.13846777038945
33,0.95543175,0.94883753,0.9613991,0.5258681,0.51523823,0.53648039,0.955431754874652,0.474131903985085,"MDF","qXRv2",0.320966785796912,0.980507468572629,0.565578875654103,0.434421124345897,"",0.4741319,3.11558717054523
34,0.95427112,0.94760196,0.96031519,0.53239338,0.52176935,0.54299541,0.954271123491179,0.467606618503845,"MDF","qXRv2",0.323728430518975,0.980250167115747,0.560072874451439,0.439927125548561,"",0.46760662,3.08900889055954
35,0.95241411,0.94562731,0.95857865,0.5370543,0.52643555,0.54764788,0.952414113277623,0.46294570030296,"MDF","qXRv2",0.325497628781325,0.979639204717876,0.555944698768146,0.444055301231854,"",0.4629457,3.07221900123831
36,0.95125348,0.94439452,0.95749194,0.54311349,0.53250299,0.55369471,0.95125348189415,0.456886506641808,"MDF","qXRv2",0.328127876313757,0.979380735664909,0.550816231939753,0.449183768060247,"",0.45688651,3.04759233270323
37,0.94986072,0.94291648,0.95618657,0.54917269,0.53857201,0.55973996,0.949860724233983,0.450827312980657,"MDF","qXRv2",0.330753476535551,0.979033057718597,0.545643661118789,0.454356338881211,"",0.45082731,3.02339981570085
38,0.94916435,0.94217798,0.95553335,0.55488231,0.54429233,0.56543501,0.9491643454039,0.445117688184572,"MDF","qXRv2",0.333417839100535,0.97896212011736,0.540886553056245,0.459113446943755,"",0.44511769,2.99923964085938
39,0.94707521,0.9399645,0.95357169,0.56035889,0.54978048,0.57089629,0.947075208913649,0.439641109298532,"MDF","qXRv2",0.33568339731795,0.97832570775076,0.536053588225404,0.463946411774596,"",0.43964111,2.9789974958244
40,0.94684308,0.93971874,0.95335354,0.56560242,0.55503632,0.57612396,0.946843082636954,0.434397576322536,"MDF","qXRv2",0.338309448739049,0.978430158053779,0.531762222522275,0.468237777477725,"",0.43439758,2.95587369412002
41,0.94545032,0.93824492,0.95204393,0.56933116,0.55877453,0.57984069,0.945450324976787,0.430668841761827,"MDF","qXRv2",0.339911579161252,0.97801921378124,0.52847732357267,0.47152267642733,"",0.43066884,2.9419415557056
42,0.94452182,0.93726305,0.95117016,0.57422512,0.56368184,0.58471798,0.944521819870009,0.425774877650897,"MDF","qXRv2",0.342259300280207,0.977839668553347,0.524336796672529,0.475663203327471,"",0.42577488,2.92176136391707
43,0.94266481,0.93530091,0.94942104,0.57911909,0.56859021,0.58959422,0.942664809656453,0.420880913539967,"MDF","qXRv2",0.344422070725912,0.97730388199867,0.5200198538021,0.4799801461979,"",0.42088091,2.90341440051266
44,0.94150418,0.93407562,0.94832678,0.58482871,0.57431796,0.59528183,0.94150417827298,0.415171288743883,"MDF","qXRv2",0.34723337553232,0.977075861941392,0.515174537754411,0.484825462245589,"",0.41517129,2.8799074929562
45,0.93987929,0.9323615,0.94679353,0.58948963,0.57899475,0.59992371,0.939879294336119,0.410510370542997,"MDF","qXRv2",0.349404024138624,0.976635892578108,0.51109046606369,0.48890953393631,"",0.41051037,2.8620162645959
46,0.93848654,0.93089342,0.94547814,0.59473316,0.58425729,0.60514468,0.938486536675952,0.405266837567001,"MDF","qXRv2",0.351993646363846,0.976313234494238,0.506578580397701,0.493421419602299,"",0.40526684,2.84096037053558
47,0.9354689,0.9277161,0.94262458,0.59892799,0.5884682,0.60932056,0.935468895078923,0.401072011186204,"MDF","qXRv2",0.353634037711323,0.975349634331468,0.50260741912582,0.49739258087418,"",0.40107201,2.827782094936
48,0.93384401,0.92600715,0.94108613,0.60288977,0.5924459,0.61326373,0.933844011142061,0.397110230715451,"MDF","qXRv2",0.355507998492684,0.974906411786397,0.499089648996507,0.500910351003493,"",0.39711023,2.81287623412101
49,0.93152275,0.92356799,0.93888613,0.60790026,0.59747754,0.61824966,0.931522748375116,0.392099743649499,"MDF","qXRv2",0.357850507403159,0.974257176588073,0.494590114547366,0.505409885452634,"",0.39209974,2.79446299309949
50,0.93036212,0.92234936,0.93778519,0.61209508,0.60169095,0.62242305,0.930362116991644,0.387904917268702,"MDF","qXRv2",0.360038615497801,0.974006947182723,0.490971785216061,0.509028214783939,"",0.38790492,2.77747985064704
51,0.92827298,0.92015733,0.93580196,0.61745514,0.60707592,0.62775455,0.928272980501393,0.382544861337684,"MDF","qXRv2",0.362731021214415,0.973474086152954,0.486233203978788,0.513766796021212,"",0.38254486,2.75686374066387
52,0.92571959,0.91748074,0.93337544,0.6223491,0.61199379,0.63262128,0.925719591457753,0.377650897226754,"MDF","qXRv2",0.365073850422827,0.972765648748321,0.481783949130644,0.518216050869356,"",0.3776509,2.73917181096867
53,0.9231662,0.91480685,0.93094623,0.62724307,0.61691277,0.6374869,0.923166202414113,0.372756933115824,"MDF","qXRv2",0.367460361035779,0.972069273095033,0.477334694282499,0.522665305717501,"",0.37275693,2.72138196670044
54,0.9222377,0.91383517,0.93006223,0.63237008,0.62206719,0.64258302,0.922237697307335,0.36762992309485,"MDF","qXRv2",0.370450662226713,0.971963968986522,0.473005400195222,0.526994599804778,"",0.36762992,2.69941479923177
55,0.92038069,0.9118928,0.92829323,0.63691447,0.62663692,0.64709899,0.920380687093779,0.363085527848986,"MDF","qXRv2",0.372884684748499,0.971512504422984,0.468971608105497,0.531028391894503,"",0.36308553,2.68179424068992
56,0.91852368,0.90995172,0.92652294,0.64239105,0.63214533,0.65254001,0.918523676880223,0.357608948962946,"MDF","qXRv2",0.375971532093261,0.971108618167031,0.464182747267228,0.535817252732772,"",0.35760895,2.65977584641155
57,0.91550604,0.90680013,0.92364355,0.64681892,0.63659999,0.65693809,0.915506035283194,0.353181076672104,"MDF","qXRv2",0.378125038867637,0.970269387177892,0.460022818808211,0.539977181191789,"",0.35318108,2.64462782733108
58,0.91295265,0.90413586,0.92120467,0.65299464,0.64281466,0.66307065,0.912952646239554,0.347005360055931,"MDF","qXRv2",0.381622695286409,0.969679068384308,0.454535344430819,0.545464655569181,"",0.34700536,2.6203892282913
59,0.9090065,0.90002259,0.91743124,0.65753904,0.64738891,0.6675821,0.909006499535747,0.342460964810068,"MDF","qXRv2",0.383713541619458,0.968559901762871,0.450104616407947,0.549895383592053,"",0.34246096,2.60611078717606
60,0.90552461,0.89639729,0.91409767,0.66219995,0.65208151,0.67220817,0.90552460538533,0.337800046609182,"MDF","qXRv2",0.386049223600438,0.967618115287414,0.44566771277665,0.55433228722335,"",0.33780005,2.59034324865008
61,0.90343547,0.89422385,0.91209578,0.66779306,0.65771406,0.67775801,0.903435468895079,0.332206944768119,"MDF","qXRv2",0.389464534238196,0.967193662101266,0.440740364352242,0.559259635647758,"",0.33220694,2.56762788929171
62,0.89809656,0.88867516,0.90697418,0.67396877,0.66393518,0.68388413,0.898096564531105,0.326031228151946,"MDF","qXRv2",0.39252143117911,0.965748339993416,0.434723642063986,0.565276357936014,"",0.32603123,2.54763159554387
63,0.8957753,0.8862651,0.90474497,0.67897926,0.66898394,0.68885293,0.89577530176416,0.321020741085994,"MDF","qXRv2",0.395601512021642,0.96524476864951,0.430224107614845,0.569775892385155,"",0.32102074,2.52779620302688
64,0.89438254,0.88481975,0.90340676,0.68387322,0.67391655,0.69370492,0.894382544103993,0.316126776975064,"MDF","qXRv2",0.398907342220193,0.965039798452802,0.425995372729561,0.57400462727044,"",0.31612678,2.50684781692489
65,0.89159703,0.88193052,0.90072886,0.68946632,0.67955535,0.69924851,0.891597028783658,0.310533675134001,"MDF","qXRv2",0.402444907998203,0.964431299102909,0.420935712327436,0.579064287672564,"",0.31053368,2.48481215720703
66,0.88532962,0.8754367,0.89469662,0.69599161,0.68613607,0.70571392,0.885329619312906,0.304008389652762,"MDF","qXRv2",0.405860304244784,0.962791012131604,0.414459423288189,0.585540576711811,"",0.30400839,2.46390196218075
67,0.88231198,0.87231332,0.89178894,0.7020508,0.69224881,0.71171545,0.882311977715877,0.29794919599161,"MDF","qXRv2",0.40989790074549,0.962165996104512,0.408978124519221,0.591021875480779,"",0.2979492,2.43963191365771
68,0.87790158,0.86775199,0.88753561,0.70566302,0.69589391,0.71529232,0.877901578458682,0.294336984385924,"MDF","qXRv2",0.411637296944643,0.960996543787383,0.405214257259748,0.594785742740252,"",0.29433698,2.42932311387343
69,0.87395543,0.86367431,0.88372648,0.71160569,0.70189227,0.72117525,0.873955431754875,0.288394313679795,"MDF","qXRv2",0.415491425708776,0.960109094509324,0.39965092611406,0.60034907388594,"",0.28839431,2.4067885355134
70,0.86977716,0.85936023,0.87968983,0.71813097,0.70848102,0.72763263,0.869777158774373,0.281869028198555,"MDF","qXRv2",0.419892266167768,0.959199901311091,0.393571573007961,0.606428426992039,"",0.28186903,2.38156327366232
71,0.86559889,0.85504956,0.87564975,0.72430669,0.71471907,0.7337418,0.865598885793872,0.275693311582382,"MDF","qXRv2",0.424121287061568,0.958289474717242,0.387775370682565,0.612224629317435,"",0.27569331,2.35781610238968
72,0.86211699,0.85145984,0.8722805,0.73048241,0.72095939,0.73984871,0.862116991643454,0.269517594966208,"MDF","qXRv2",0.428676546998028,0.957601135346543,0.382111480334885,0.617888519665115,"",0.26951759,2.33276116223965
73,0.85770659,0.84691602,0.86800963,0.73700769,0.72755544,0.74629878,0.857706592386258,0.262992309484969,"MDF","qXRv2",0.433429370204471,0.956674312504958,0.375988023236213,0.624011976763787,"",0.26299231,2.30718098205539
74,0.85167131,0.84070364,0.86215979,0.74353298,0.73415413,0.75274622,0.851671309192201,0.256467024003729,"MDF","qXRv2",0.437870366344542,0.955297466977951,0.369555838189538,0.630444161810462,"",0.25646702,2.28378094719738
75,0.84308264,0.8318733,0.85382463,0.7507574,0.74146297,0.75988129,0.843082636954503,0.249242600792356,"MDF","qXRv2",0.442413690522653,0.9532638352566,0.362072207663164,0.637927792336836,"",0.2492426,2.26032788184885
76,0.83727948,0.82591338,0.84818624,0.75541832,0.74618016,0.76448276,0.83727948003714,0.244581682591471,"MDF","qXRv2",0.445368579856974,0.951903200341376,0.357194264106148,0.642805735893852,"",0.24458168,2.24533127218166
77,0.82799443,0.81638779,0.8391545,0.76334188,0.75420272,0.77230192,0.827994428969359,0.236658121649965,"MDF","qXRv2",0.450755083437615,0.949797754722326,0.34901202004065,0.65098797995935,"",0.23665812,2.21849966144287
78,0.82056639,0.80877597,0.83192045,0.77138196,0.76234767,0.78023165,0.820566388115135,0.228618037753437,"MDF","qXRv2",0.457088817458787,0.948259558758666,0.34108822432216,0.65891177567784,"",0.22861804,2.18775861890378
79,0.81174559,0.79974637,0.82332057,0.77848986,0.76955212,0.78723815,0.811745589600743,0.221510137497087,"MDF","qXRv2",0.462249088579555,0.946321603348056,0.333654873396782,0.666345126603218,"2/3 Xpert Saved",0.22151014,2.16333579601617
80,0.80292479,0.79072647,0.81471096,0.78571429,0.77687849,0.79435568,0.802924791086351,0.214285714285714,"MDF","qXRv2",0.467779873657076,0.944434192477667,0.326127138877835,0.673872861122165,"",0.21428571,2.13775764267509
81,0.78830084,0.77579254,0.80041701,0.79480308,0.78610124,0.80330431,0.788300835654596,0.205196923793987,"MDF","qXRv2",0.473998355895176,0.941195824218487,0.315986667047503,0.684013332952497,"",0.20519692,2.10971195904559
82,0.77762303,0.76490328,0.78996526,0.80295968,0.7943837,0.81132948,0.777623026926648,0.197040316942438,"MDF","qXRv2",0.480715400057369,0.938999945962671,0.307351031839438,0.692648968160562,"",0.19704032,2.08023291927127
83,0.76299907,0.75000881,0.7756318,0.81228152,0.80385623,0.82049425,0.762999071494893,0.187718480540667,"MDF","qXRv2",0.488078070888456,0.935943708931578,0.29702179282197,0.70297820717803,"",0.18771848,2.04885254971543
84,0.74976787,0.73655077,0.7626455,0.82090422,0.81262518,0.82896479,0.749767873723305,0.179095781869028,"MDF","qXRv2",0.495458307393988,0.933269233200161,0.287523479321341,0.712476520678659,"",0.17909578,2.01833329883962
85,0.72841226,0.71486259,0.74165157,0.83092519,0.82282491,0.83880013,0.728412256267409,0.169074807737124,"MDF","qXRv2",0.502628906754169,0.928791010714219,0.275348922957878,0.724651077042122,"",0.16907481,1.98953937300922
86,0.70728877,0.69344823,0.72084772,0.84234444,0.8344602,0.8499955,0.707288765088208,0.157655558144955,"MDF","qXRv2",0.512751283963821,0.924631970806057,0.262085867464173,0.737914132535827,"",0.15765556,1.95026327826915
87,0.68593315,0.6718345,0.69977928,0.85597763,0.8483701,0.8633426,0.685933147632312,0.144022372407364,"MDF","qXRv2",0.527672036065164,0.920754919038408,0.246985419700104,0.753014580299896,"",0.14402237,1.89511653385495
88,0.65529248,0.64088251,0.6694916,0.8715917,0.8643292,0.87860089,0.655292479108635,0.128408296434398,"MDF","qXRv2",0.544843297218146,0.915105881942011,0.228516291142503,0.771483708857497,"",0.1284083,1.83539011144266
89,0.61954503,0.60485418,0.63407361,0.88604055,0.87912796,0.89268982,0.619545032497679,0.113959450011652,"MDF","qXRv2",0.56048546635188,0.9084957729483,0.210020710683997,0.789979289316003,"",0.11395945,1.78416758334316
90,0.57938719,0.56448011,0.59418652,0.90118853,0.89467996,0.90742325,0.579387186629526,0.0988114658587742,"MDF","qXRv2",0.579018882793085,0.901323012734673,0.190120852805217,0.809879147194783,"",0.09881147,1.7270593925645
91,0.53087279,0.51583783,0.54586587,0.91855045,0.91256205,0.92425284,0.530872794800371,0.0814495455604754,"MDF","qXRv2",0.604566356371869,0.893016748019857,0.166839962916056,0.833160037083944,"",0.08144955,1.65407814950407
92,0.46866295,0.45367106,0.48369737,0.93661151,0.93124821,0.94167598,0.46866295264624,0.0633884875320438,"MDF","qXRv2",0.634272784489829,0.882558236459115,0.140390635903741,0.859609364096259,"",0.06338849,1.57660871545094
93,0.39693593,0.38228383,0.41172792,0.95478909,0.95017814,0.95908799,0.396935933147632,0.0452109065485901,"MDF","qXRv2",0.673141075964885,0.870960402633801,0.112038661602408,0.887961338397592,"",0.04521091,1.48557269152918
94,0.30524605,0.2915143,0.31924233,0.97110231,0.96733596,0.97454408,0.305246053853296,0.0288976928454906,"MDF","qXRv2",0.712456834243416,0.856298924635042,0.0814038814369736,0.918596118563026,"",0.02889769,1.40359380658049
95,0.19893222,0.18710278,0.21117126,0.98543463,0.98267028,0.98786176,0.198932219127205,0.0145653693777674,"MDF","qXRv2",0.762114473410931,0.839854704415077,0.0495950708301606,0.950404929169839,"",0.01456537,1.31213883857157
96,0.09586815,0.08723678,0.10505181,0.99463994,0.99285684,0.99607317,0.0958681522748375,0.00536005593101841,"MDF","qXRv2",0.807522004283173,0.82425064101888,0.022556594236344,0.977443405763656,"",0.00536006,1.2383563478096
97,0.0229805,0.01871571,0.02790775,0.99883477,0.99785815,0.99944109,0.0229805013927577,0.00116522955022139,"MDF","qXRv2",0.822257445875206,0.813375293303618,0.00531013120030328,0.994689868799697,"",0.00116523000000002,1.21616411625875
98,0.00116063,0.00037696,0.00270643,1,0.99957025,1,0.00116063138347261,0,"MDF","qXRv2",1,0.810178660355128,0.000220519962859796,0.99977948003714,"",0,1
99,0,0,0.00085592,1,0.99957025,1,0,0,"MDF","qXRv2",NA,0.81,0,1,"",0,NA
100,0,0,0.00085592,1,0.99957025,1,0,0,"MDF","qXRv2",NA,0.81,0,1,"",0,NA
0,1,0.99914408,1,0,0,0.00042975,1,1,"MDF","qXRv3",0.19,NA,1,0,"",1,5.26315789473684
1,1,0.99914408,1,0,0,0.00042975,1,1,"MDF","qXRv3",0.19,NA,1,0,"",1,5.26315789473684
2,0.99860724,0.99697104,0.99948872,0.07492426,0.06944104,0.08069811,0.998607242339833,0.925075739920764,"MDF","qXRv3",0.202051048737751,0.995658569617465,0.939046725380387,0.0609532746196126,"",0.92507574,4.94924429369301
3,0.99373259,0.99089426,0.99586579,0.25856444,0.24932588,0.26796717,0.993732590529248,0.741435562805873,"MDF","qXRv3",0.239189118854625,0.994346393282519,0.789371998073314,0.210628001926686,"",0.74143556,4.1807921898311
4,0.99094708,0.98764494,0.99355479,0.33395479,0.32397614,0.34404628,0.990947075208914,0.666045210906549,"MDF","qXRv3",0.258705699217435,0.993681459489718,0.727776565123998,0.272223434876002,"",0.66604521,3.86539609689668
5,0.98862581,0.9849903,0.99157379,0.37217432,0.36193393,0.38250156,0.988625812441968,0.627825681659287,"MDF","qXRv3",0.269737101909259,0.992882287850882,0.696377706507996,0.303622293492004,"",0.62782568,3.70731350237612
6,0.9867688,0.98289104,0.98996383,0.39792589,0.38754804,0.40837309,0.986768802228412,0.602074108599394,"MDF","qXRv3",0.277688811234069,0.99226088161207,0.675166100388907,0.324833899611093,"",0.60207411,3.60115337580916
7,0.98537604,0.98132792,0.98874474,0.4187835,0.40831629,0.42930589,0.985376044568245,0.581216499650431,"MDF","qXRv3",0.284528129519247,0.991875415937013,0.658006813184816,0.341993186815184,"",0.5812165,3.51459098855937
8,0.98375116,0.97951462,0.9873119,0.43789326,0.42736102,0.4484677,0.983751160631383,0.5621067350268,"MDF","qXRv3",0.291041946860273,0.99137103101761,0.642219175891671,0.357780824108329,"",0.56210674,3.43593083673293
9,0.9814299,0.97694055,0.9852483,0.45467257,0.44409627,0.46527966,0.981429897864438,0.545327429503612,"MDF","qXRv3",0.296841085364545,0.990510503816683,0.628186898492169,0.371813101507831,"",0.54532743,3.368805900881
10,0.98119777,0.97668408,0.98504099,0.47017012,0.45956385,0.48079666,0.981197771587744,0.529829876485668,"MDF","qXRv3",0.30284384606346,0.990706741117247,0.615589776555062,0.384410223444938,"",0.52982988,3.3020317665311
11,0.98003714,0.97540405,0.98400205,0.48310417,0.47248071,0.49373911,0.980037140204271,0.51689582847821,"MDF","qXRv3",0.307834865746133,0.990400219896102,0.604892677706162,0.395107322293838,"",0.51689583,3.24849492787697
12,0.97934076,0.97463779,0.9833769,0.49662083,0.48598698,0.50725698,0.979340761374188,0.503379165695642,"MDF","qXRv3",0.313356389696204,0.990336360591597,0.593811868874566,0.406188131125434,"",0.50337917,3.19125453599172
13,0.97748375,0.97260035,0.98170383,0.50652529,0.49588873,0.51715741,0.977483751160631,0.49347471451876,"MDF","qXRv3",0.317236686588445,0.989680503100566,0.585436431480716,0.414563568519284,"",0.49347471,3.15222054155834
14,0.97609099,0.97107744,0.98044378,0.5142158,0.50358,0.52484194,0.976090993500464,0.485784199487299,"MDF","qXRv3",0.320338015038361,0.989211184236854,0.5789424903498,0.4210575096502,"",0.4857842,3.12170255497228
15,0.97469824,0.96955855,0.97917965,0.52260545,0.51197334,0.53322221,0.974698235840297,0.477394546725705,"MDF","qXRv3",0.32383006334571,0.98877099953844,0.571882247657477,0.428117752342523,"",0.47739455,3.08803941693466
16,0.9726091,0.96728707,0.97727653,0.53239338,0.52176935,0.54299541,0.972609099350046,0.467606618503845,"MDF","qXRv3",0.327909508877811,0.988075711862729,0.563557089864623,0.436442910135377,"",0.46760662,3.04962184055672
17,0.97168059,0.96627995,0.97642823,0.54101608,0.53040255,0.55160175,0.971680594243268,0.458983919832207,"MDF","qXRv3",0.331812624048759,0.987870507513902,0.556396287970309,0.443603712029691,"",0.45898392,3.01374910875318
18,0.97028784,0.96477188,0.97515316,0.54742484,0.53682117,0.5579963,0.970287836583101,0.452575157305989,"MDF","qXRv3",0.334618105665543,0.987428589596832,0.550940566368641,0.449059433631359,"",0.45257516,2.98848144517176
19,0.96935933,0.96376813,0.97430145,0.55441622,0.54382531,0.56497016,0.969359331476323,0.445583780004661,"MDF","qXRv3",0.337879085261746,0.987202150320597,0.545101134784277,0.454898865215723,"",0.44558378,2.95963865068868
20,0.96866295,0.96301614,0.97366184,0.55965975,0.5490798,0.57019918,0.96866295264624,0.440340247028665,"MDF","qXRv3",0.340371039539993,0.987036100499532,0.540721561096004,0.459278438903996,"",0.44034025,2.93797028487349
21,0.96750232,0.96176433,0.97259431,0.56420415,0.55363465,0.57473003,0.967502321262767,0.435795851782801,"MDF","qXRv3",0.342433988385278,0.986669199323951,0.536820080983995,0.463179919016005,"",0.43579585,2.9202708665557
22,0.96727019,0.96151419,0.97238059,0.57142857,0.56087753,0.58193108,0.967270194986072,0.428571428571429,"MDF","qXRv3",0.346153628029124,0.986742731503609,0.530924194190211,0.469075805809789,"",0.42857143,2.88889070928895
23,0.96657382,0.96076417,0.97173899,0.57632254,0.5657853,0.58680792,0.966573816155989,0.423677464460499,"MDF","qXRv3",0.348594050685199,0.986577880577386,0.526827771282642,0.473172228717358,"",0.42367746,2.86866628398962
24,0.96610956,0.96026451,0.9713109,0.57981822,0.56929149,0.59029073,0.9661095636026,0.420181775809835,"MDF","qXRv3",0.350368377670432,0.986474915799551,0.52390805549046,0.47609194450954,"",0.42018178,2.85413885422227
25,0.96239554,0.95627647,0.96787687,0.58611046,0.57560398,0.59655844,0.962395543175487,0.413889536238639,"MDF","qXRv3",0.352930221880602,0.985173414370188,0.51810567755664,0.48189432244336,"",0.41388954,2.83342127707699
26,0.96169916,0.95553043,0.96723126,0.59053834,0.58004716,0.600968,0.961699164345404,0.409461663947798,"MDF","qXRv3",0.355224600880833,0.985014494302837,0.514386789023343,0.485613210976657,"",0.40946166,2.81512034222953
27,0.96053853,0.95428816,0.9661541,0.59554882,0.58507601,0.60595672,0.960538532961931,0.404451176881846,"MDF","qXRv3",0.35777208093592,0.984695247361892,0.510107774537062,0.489892225462938,"",0.40445118,2.79507556146929
28,0.95891365,0.95255124,0.96464379,0.60067583,0.59022298,0.61106028,0.95891364902507,0.399324166860872,"MDF","qXRv3",0.360318348831987,0.984208868132064,0.505646168472069,0.494353831527931,"",0.39932417,2.77532355274611
29,0.95728877,0.95081682,0.96313097,0.60428804,0.59384997,0.61465527,0.957288765088208,0.395711955255185,"MDF","qXRv3",0.362023653493053,0.983691072886429,0.50241154912346,0.49758845087654,"",0.39571196,2.76225045063026
30,0.95612813,0.94957941,0.96204891,0.60790026,0.59747754,0.61824966,0.956128133704735,0.392099743649499,"MDF","qXRv3",0.363863471114355,0.983353155796296,0.499265137759994,0.500734862240006,"1/2 Xpert Saved",0.39209974,2.74828357168538
31,0.95519963,0.94859033,0.96118241,0.61244465,0.6020421,0.6227708,0.955199628597957,0.387555348403636,"MDF","qXRv3",0.366340504088411,0.983130794175548,0.495407761640557,0.504592238359443,"",0.38755535,2.72970088985483
32,0.95357474,0.94686115,0.95966431,0.61792123,0.60754424,0.6282181,0.953574744661096,0.382078769517595,"MDF","qXRv3",0.36925384431312,0.982681801097371,0.49066300479486,0.50933699520514,"",0.38207877,2.70816408657893
33,0.95264624,0.945874,0.95879586,0.62199953,0.61164248,0.6322737,0.952646239554318,0.37800046609182,"MDF","qXRv3",0.371529227856246,0.982455306049365,0.487183163049695,0.512816836950305,"",0.37800047,2.69157827977649
34,0.95194986,0.94513407,0.95814409,0.62596131,0.61562436,0.63621268,0.951949860724234,0.374038685621067,"MDF","qXRv3",0.373821502817647,0.982312541353493,0.483841808890669,0.516158191109331,"",0.37403869,2.67507351092055
35,0.9505571,0.94365532,0.95683943,0.63120485,0.62089563,0.64142492,0.950557103064067,0.368795152645071,"MDF","qXRv3",0.376788181325309,0.981957574729431,0.47932992322468,0.52067007677532,"",0.36879515,2.6540110586341
36,0.94823584,0.94119385,0.95466187,0.63621533,0.62593382,0.64640429,0.948235840297122,0.363784665579119,"MDF","qXRv3",0.379429818565976,0.981272354196059,0.47483038877554,0.52516961122446,"",0.36378467,2.63553350598385
37,0.94661096,0.93947302,0.95313536,0.64297367,0.63273142,0.65311876,0.94661095636026,0.357026334187835,"MDF","qXRv3",0.383449686919783,0.980894871245908,0.469047412400596,0.530952587599404,"",0.35702633,2.607904072195
38,0.94405757,0.93677232,0.95073308,0.64740154,0.6371862,0.65751671,0.94405756731662,0.352598461896994,"MDF","qXRv3",0.385764120168976,0.980133497638865,0.464975691926723,0.535024308073277,"",0.35259846,2.59225767176577
39,0.9417363,0.93432061,0.9485457,0.65136332,0.64117287,0.66145091,0.941736304549675,0.348636681426241,"MDF","qXRv3",0.387860318123879,0.979449360949221,0.461325609819693,0.538674390180307,"",0.34863668,2.57824776929257
40,0.93941504,0.93187202,0.94635518,0.65637381,0.64621593,0.66642542,0.93941504178273,0.343626194360289,"MDF","qXRv3",0.390715129313717,0.978807630859993,0.456826075370553,0.543173924629447,"",0.34362619,2.55940946478443
41,0.93825441,0.93064884,0.9452588,0.66045211,0.65032166,0.67047352,0.938254410399257,0.339547890934514,"MDF","qXRv3",0.393266050552022,0.978540867418691,0.453302129632815,0.546697870367185,"",0.33954789,2.54280784877391
42,0.9363974,0.92869324,0.9435031,0.66348171,0.65337216,0.67348015,0.936397400185701,0.336518294103938,"MDF","qXRv3",0.394933083088544,0.978008387444867,0.450495324259473,0.549504675740527,"",0.33651829,2.53207452811898
43,0.9354689,0.9277161,0.94262458,0.66697739,0.65689255,0.67694876,0.935468895078923,0.333022605453274,"MDF","qXRv3",0.397193505279284,0.977808815376925,0.447487400482148,0.552512599517852,"",0.33302261,2.51766453053369
44,0.93430826,0.92649529,0.94152582,0.67128874,0.66123521,0.68122586,0.93430826369545,0.328711256117455,"MDF","qXRv3",0.400019589670605,0.977560477066389,0.443774687557274,0.556225312442726,"",0.32871126,2.4998775705546
45,0.93268338,0.92478725,0.93998645,0.67560009,0.66557882,0.68550202,0.932683379758589,0.324399906781636,"MDF","qXRv3",0.402773652806488,0.977161502267469,0.439973766647257,0.560026233352743,"",0.32439991,2.48278404764586
46,0.9310585,0.92308046,0.93844583,0.67874621,0.66874909,0.68862185,0.931058495821727,0.321253786996038,"MDF","qXRv3",0.404699983118855,0.976728951367704,0.437116681672919,0.562883318327081,"",0.32125379,2.47096625083454
47,0.93012999,0.9221057,0.93756492,0.68282452,0.67285945,0.69266532,0.930129990714949,0.317175483570263,"MDF","qXRv3",0.407540787732372,0.976560442548316,0.433636839927754,0.566363160072246,"",0.31717548,2.45374212864478
48,0.92873723,0.92064428,0.93624284,0.68597064,0.67603091,0.69578396,0.928737233054782,0.314029363784666,"MDF","qXRv3",0.409587518261085,0.976211360180711,0.430823858945988,0.569176141054012,"",0.31402936,2.44148064922859
49,0.92641597,0.91821045,0.93403749,0.69121417,0.68131782,0.70098055,0.926415970287837,0.308785830808669,"MDF","qXRv3",0.413058782760115,0.975637163339192,0.426135557309711,0.573864442690289,"",0.30878583,2.42096292764401
50,0.92525534,0.91699438,0.93293396,0.69634118,0.68648868,0.70606022,0.925255338904364,0.303658820787695,"MDF","qXRv3",0.416819079028291,0.975440062223309,0.421762159229862,0.578237840770138,"",0.30365882,2.39912242580461
51,0.9231662,0.91480685,0.93094623,0.70030296,0.69048532,0.70998445,0.923166202414113,0.299697040316942,"MDF","qXRv3",0.419464272493149,0.974910067773796,0.418156181115405,0.581843818884595,"70% spec",0.29969704,2.38399326373221
52,0.92084494,0.91237827,0.92873561,0.70414822,0.69436523,0.71379243,0.920844939647168,0.295851782801212,"MDF","qXRv3",0.42199791575543,0.974309064328791,0.414600482601944,0.585399517398056,"",0.29585178,2.36967995021936
53,0.91968431,0.91116474,0.92762952,0.70950827,0.69977497,0.71909915,0.919684308263695,0.290491726870193,"MDF","qXRv3",0.426155337907854,0.974133945267135,0.410038317334959,0.589961682665041,"",0.29049173,2.34656218295739
54,0.91736305,0.90873919,0.92541587,0.71230482,0.70259809,0.72186723,0.91736304549675,0.287695175949662,"MDF","qXRv3",0.427903889895312,0.973507895660209,0.407332071163609,0.592667928836391,"",0.28769518,2.33697338027157
55,0.91597029,0.90728478,0.92408674,0.71661617,0.70695127,0.72613381,0.915970287836583,0.283383826613843,"MDF","qXRv3",0.431231478909787,0.973231082214328,0.403575254246164,0.596424745753836,"",0.28338383,2.31894017229016
56,0.91388115,0.90510443,0.92209179,0.7233745,0.71377734,0.7328198,0.913881151346332,0.276625495222559,"MDF","qXRv3",0.436599547427065,0.972832986609947,0.397704069886076,0.602295930113924,"",0.2766255,2.2904283934629
57,0.91155989,0.90268354,0.91987344,0.72780238,0.71825105,0.73719882,0.911559888579387,0.272197622931718,"MDF","qXRv3",0.439945997603032,0.972286049360893,0.393676453404775,0.606323546595225,"",0.27219762,2.27300624496716
58,0.90738162,0.89833032,0.91587603,0.73223025,0.72272593,0.74157666,0.907381615598886,0.267769750640876,"MDF","qXRv3",0.442857120167834,0.971184907331997,0.389296004982898,0.610703995017102,"",0.26776975,2.25806463181854
59,0.90482823,0.89567267,0.91343052,0.73759031,0.7281445,0.74687455,0.904828226555246,0.262409694709858,"MDF","qXRv3",0.447155085676163,0.970622693990042,0.384469215760482,0.615530784239518,"",0.26240969,2.23636056489854
60,0.89972145,0.89036305,0.90853377,0.74190165,0.73250421,0.75113461,0.899721448467967,0.258098345374039,"MDF","qXRv3",0.449852747216675,0.96926914258831,0.380006734961885,0.619993265038115,"90% sens",0.25809835,2.22294963449082
61,0.89623955,0.886747,0.90519093,0.74644605,0.73710084,0.75562367,0.896239554317549,0.253553950128175,"MDF","qXRv3",0.453291817942499,0.968423265265144,0.375664214924156,0.624335785075844,"",0.25355395,2.20608438188675
62,0.89368617,0.88409726,0.90273747,0.75017478,0.74087343,0.75930601,0.893686165273909,0.249825215567467,"MDF","qXRv3",0.45625784496261,0.967826852210262,0.372158796011691,0.627841203988309,"",0.24982522,2.19174313612503
63,0.89090065,0.88120852,0.90005908,0.75576789,0.74653401,0.76482781,0.890900649953575,0.244232113726404,"MDF","qXRv3",0.461104667562486,0.967247830477535,0.367099135609567,0.632900864390433,"",0.24423211,2.16870500419406
64,0.88741876,0.87760027,0.89670841,0.76054533,0.75137074,0.7695427,0.887418755803157,0.239454672570496,"MDF","qXRv3",0.465042793365777,0.96644280414365,0.362567848384702,0.637432151615298,"",0.23945467,2.15033974134388
65,0.88370474,0.87375462,0.8931312,0.76555581,0.75644508,0.77448592,0.883704735376045,0.234444185504544,"MDF","qXRv3",0.469262624117482,0.96559292040337,0.357803689980129,0.642196310019871,"",0.23444419,2.1310028726039
66,0.87952646,0.86943199,0.88910312,0.76986716,0.76081276,0.77873799,0.879526462395543,0.230132836168725,"MDF","qXRv3",0.472706349722796,0.964593044475281,0.353517625151821,0.646482374848179,"",0.23013284,2.11547824687868
67,0.87488394,0.86463348,0.88462304,0.77487765,0.76589038,0.78367793,0.874883936861653,0.225122349102773,"MDF","qXRv3",0.476875765626454,0.963507500807833,0.34857705077696,0.65142294922304,"",0.22512235,2.09698221650315
68,0.87140204,0.86103752,0.88126005,0.77977162,0.77085167,0.78850122,0.871402042711235,0.220228384991843,"MDF","qXRv3",0.481365679690781,0.962756400236496,0.343951379958528,0.656048620041472,"",0.22022838,2.07742272079384
69,0.86884865,0.85840201,0.87879232,0.78536472,0.7765239,0.79401138,0.868848653667595,0.214635283150781,"MDF","qXRv3",0.487057530106681,0.962305087364878,0.338935823548975,0.661064176451025,"",0.21463528,2.05314554890665
70,0.86350975,0.85289546,0.87362847,0.79049173,0.78172554,0.79906026,0.863509749303621,0.209508273129807,"MDF","qXRv3",0.49155875204578,0.961074867380232,0.333768553602831,0.666231446397169,"",0.20950827,2.03434481806738
71,0.8586351,0.84787232,0.86890905,0.79550221,0.78681095,0.80399239,0.858635097493036,0.204497786063855,"MDF","qXRv3",0.496194246341438,0.959984079410991,0.328783875235399,0.671216124764601,"",0.20449779,2.01533977343197
72,0.85329619,0.84237559,0.86373535,0.80086227,0.7922534,0.80926639,0.853296193129062,0.199137730132836,"MDF","qXRv3",0.501274959518992,0.958801550757152,0.323427838102119,0.676572161897881,"",0.19913773,1.99491313302298
73,0.85051068,0.83950965,0.86103411,0.80843626,0.7999479,0.81671469,0.850510677808728,0.191563738056397,"MDF","qXRv3",0.510150153948247,0.958428776282889,0.31676365660934,0.68323634339066,"",0.19156374,1.96020719049209
74,0.8454039,0.83425872,0.85607854,0.81367979,0.80527776,0.82186831,0.845403899721448,0.186320205080401,"MDF","qXRv3",0.515579348536442,0.957334457000552,0.3115461070622,0.6884538929378,"",0.18632021,1.93956566111243
75,0.83867224,0.8273433,0.84953992,0.82125379,0.81298082,0.82930804,0.838672237697307,0.178746213003962,"MDF","qXRv3",0.523942380355146,0.955951011889572,0.304132157695697,0.695867842304303,"",0.17874621,1.90860681917383
76,0.83031569,0.81876804,0.84141359,0.82719646,0.81902852,0.83514161,0.830315691736305,0.172803542297833,"MDF","qXRv3",0.529874488635665,0.954091648720242,0.297730850691142,0.702269149308858,"",0.17280354,1.88723937733788
77,0.82056639,0.80877597,0.83192045,0.83512002,0.82709752,0.8429143,0.820566388115135,0.164879981356327,"MDF","qXRv3",0.538614661042031,0.952019020756563,0.289460398640501,0.710539601359499,"",0.16487998,1.85661489062579
78,0.8136026,0.80164651,0.8251319,0.84222792,0.8343414,0.84988133,0.813602599814299,0.157772081099977,"MDF","qXRv3",0.547434522094568,0.950648671973163,0.282379879655698,0.717620120344302,"",0.15777208,1.82670248155679
79,0.80362117,0.79143823,0.81539101,0.85073409,0.84301759,0.85821165,0.803621169916435,0.149265905383361,"MDF","qXRv3",0.558083700315919,0.94863485796683,0.273593405644645,0.726406594355355,"",0.14926591,1.79184591743841
80,0.7871402,0.77460833,0.79928154,0.85935679,0.85182126,0.86664744,0.787140204271124,0.140643206711722,"MDF","qXRv3",0.567625545296703,0.945088752097535,0.263477636248008,0.736522363751992,"",0.14064321,1.76172479953715
81,0.77251625,0.75969959,0.78496237,0.86937777,0.86206436,0.87643938,0.772516248839369,0.130622232579818,"MDF","qXRv3",0.581110423513324,0.942171692514369,0.252582095669133,0.747417904330867,"",0.13062223,1.72084333637335
82,0.75719591,0.74410412,0.76993809,0.87858308,0.87148592,0.88542208,0.75719591457753,0.121416919133069,"MDF","qXRv3",0.593965136783821,0.939121554632462,0.242214928267517,0.757785071732483,"",0.12141692,1.68360049785878
83,0.73723305,0.72381589,0.75032784,0.88837101,0.88151794,0.89495914,0.737233054781801,0.11162899091121,"MDF","qXRv3",0.607713973034239,0.935119797610956,0.230493763046622,0.769506236953378,"",0.11162899,1.64551095477882
84,0.71610956,0.70238606,0.72953948,0.89769285,0.8910873,0.90402697,0.7161095636026,0.102307154509438,"MDF","qXRv3",0.621482026598011,0.930941968680981,0.218929612237139,0.781070387762861,"",0.10230715,1.60905699151751
85,0.69405757,0.680053,0.70779857,0.90934514,0.9030725,0.91533823,0.69405756731662,0.0906548590072244,"MDF","qXRv3",0.642328568740627,0.926853954613693,0.20530137358601,0.79469862641399,"",0.09065486,1.55683562691386
86,0.6634169,0.64908294,0.67752896,0.91913307,0.91316335,0.92481636,0.663416898792943,0.0808669307853647,"MDF","qXRv3",0.658043715731327,0.920896899416728,0.191551424706805,0.808448575293195,"",0.08086693,1.51965587710025
87,0.62952646,0.61490544,0.64397165,0.93008623,0.92448543,0.93539285,0.629526462395543,0.0699137730132836,"MDF","qXRv3",0.678676262436047,0.914550368948567,0.176240183995913,0.823759816004087,"",0.06991377,1.47345657325717
88,0.58960074,0.57473899,0.60434088,0.93975763,0.93451426,0.94469991,0.589600742804085,0.060242367746446,"MDF","qXRv3",0.696578907876686,0.907080838234121,0.160820459007398,0.839179540992602,"",0.06024237,1.43558753888802
89,0.54271123,0.5276943,0.5576702,0.9487299,0.94385092,0.95330128,0.542711234911792,0.0512701002097413,"MDF","qXRv3",0.712889539209906,0.898422577692276,0.144643915803131,0.855356084196869,"",0.0512701,1.40274186251673
90,0.48839369,0.47336309,0.50344003,0.95875087,0.95432662,0.96286011,0.488393686165274,0.0412491260778373,"MDF","qXRv3",0.735261101613862,0.888754940813792,0.12620659249445,0.87379340750555,"",0.04124913,1.36006106919712
91,0.43221913,0.41736037,0.44716987,0.96783966,0.96388634,0.97147101,0.4322191272052,0.0321603355861105,"MDF","qXRv3",0.759179885942999,0.879036870293193,0.108171505993737,0.891828494006263,"",0.03216034,1.31721087256925
92,0.3727948,0.35832963,0.38743265,0.97657889,0.97315444,0.97967425,0.372794800371402,0.02342111395945,"MDF","qXRv3",0.788745510905923,0.869073539443143,0.0898021143777209,0.910197885622279,"",0.02342111,1.26783605887207
93,0.30246054,0.28876613,0.31642326,0.9842694,0.9814079,0.98679485,0.302460538532962,0.0157305989279888,"MDF","qXRv3",0.81851709005922,0.857459860832075,0.0702092874529337,0.929790712547066,"",0.0157306,1.2217215891334
94,0.22887651,0.21640252,0.24171914,0.99114426,0.98892808,0.99301652,0.228876508820799,0.00885574458168259,"MDF","qXRv3",0.858405175319848,0.845668132928041,0.0506596897871146,0.949340310212885,"",0.00885574,1.16495103798436
95,0.14531105,0.13491451,0.15619095,0.99580517,0.99419728,0.99706032,0.145311049210771,0.00419482638079702,"MDF","qXRv3",0.890417584249716,0.832412735985912,0.031006908718492,0.968993091281508,"",0.00419482999999998,1.12306856657893
96,0.07381616,0.06618317,0.08203281,0.99790259,0.9966872,0.99875648,0.0738161559888579,0.00209741319039851,"MDF","qXRv3",0.89195465077289,0.821213841764525,0.0157239743221058,0.984276025677894,"",0.00209740999999997,1.12113323153087
97,0.02112349,0.01704057,0.02587235,0.99976695,0.99915841,0.99997178,0.0211234911792015,0.000233045910044279,"MDF","qXRv3",0.955078532521379,0.813228606072921,0.00420223051118415,0.995797769488816,"",0.000233049999999957,1.0470343180681
98,0.00208914,0.00095572,0.00396211,1,0.99957025,1,0.0020891364902507,0,"MDF","qXRv3",1,0.810321646319196,0.000396935933147632,0.999603064066852,"",0,1
99,0,0,0.00085592,1,0.99957025,1,0,0,"MDF","qXRv3",NA,0.81,0,1,"",0,NA
100,0,0,0.00085592,1,0.99957025,1,0,0,"MDF","qXRv3",NA,0.81,0,1,"",0,NA
