"Site","DeepLearningSystem","Score","Sensitivity","Specificity","PPV","NPV","nnt","XpertSaved"
"MDF","qXRv3",0,"100.0% (99.914-100.00000%)","0.0% (0.0000-0.0430%)",0.19,NA,5.26315789473684,0
"MDF","qXRv3",1,"100.0% (99.914-100.00000%)","0.0% (0.0000-0.0430%)",0.19,NA,5.26315789473684,0
"MDF","qXRv3",2,"99.9% (99.697-99.94887%)","7.5% (6.9441-8.0698%)",0.202051048737751,0.995658569617465,4.94924429369301,0.0609532746196126
"MDF","qXRv3",3,"99.4% (99.089-99.58658%)","25.9% (24.9326-26.7967%)",0.239189118854625,0.994346393282519,4.1807921898311,0.210628001926686
"MDF","qXRv3",4,"99.1% (98.764-99.35548%)","33.4% (32.3976-34.4046%)",0.258705699217435,0.993681459489718,3.86539609689668,0.272223434876002
"MDF","qXRv3",5,"98.9% (98.499-99.15738%)","37.2% (36.1934-38.2502%)",0.269737101909259,0.992882287850882,3.70731350237612,0.303622293492004
"MDF","qXRv3",6,"98.7% (98.289-98.99638%)","39.8% (38.7548-40.8373%)",0.277688811234069,0.99226088161207,3.60115337580916,0.324833899611093
"MDF","qXRv3",7,"98.5% (98.133-98.87447%)","41.9% (40.8316-42.9306%)",0.284528129519247,0.991875415937013,3.51459098855937,0.341993186815184
"MDF","qXRv3",8,"98.4% (97.951-98.73119%)","43.8% (42.7361-44.8468%)",0.291041946860273,0.99137103101761,3.43593083673293,0.357780824108329
"MDF","qXRv3",9,"98.1% (97.694-98.52483%)","45.5% (44.4096-46.5280%)",0.296841085364545,0.990510503816683,3.368805900881,0.371813101507831
"MDF","qXRv3",10,"98.1% (97.668-98.50410%)","47.0% (45.9564-48.0797%)",0.30284384606346,0.990706741117247,3.3020317665311,0.384410223444938
"MDF","qXRv3",11,"98.0% (97.540-98.40020%)","48.3% (47.2481-49.3739%)",0.307834865746133,0.990400219896102,3.24849492787697,0.395107322293838
"MDF","qXRv3",12,"97.9% (97.464-98.33769%)","49.7% (48.5987-50.7257%)",0.313356389696204,0.990336360591597,3.19125453599172,0.406188131125434
"MDF","qXRv3",13,"97.7% (97.260-98.17038%)","50.7% (49.5889-51.7157%)",0.317236686588445,0.989680503100566,3.15222054155834,0.414563568519284
"MDF","qXRv3",14,"97.6% (97.108-98.04438%)","51.4% (50.3580-52.4842%)",0.320338015038361,0.989211184236854,3.12170255497228,0.4210575096502
"MDF","qXRv3",15,"97.5% (96.956-97.91796%)","52.3% (51.1973-53.3222%)",0.32383006334571,0.98877099953844,3.08803941693466,0.428117752342523
"MDF","qXRv3",16,"97.3% (96.729-97.72765%)","53.2% (52.1769-54.2995%)",0.327909508877811,0.988075711862729,3.04962184055672,0.436442910135377
"MDF","qXRv3",17,"97.2% (96.628-97.64282%)","54.1% (53.0403-55.1602%)",0.331812624048759,0.987870507513902,3.01374910875318,0.443603712029691
"MDF","qXRv3",18,"97.0% (96.477-97.51532%)","54.7% (53.6821-55.7996%)",0.334618105665543,0.987428589596832,2.98848144517176,0.449059433631359
"MDF","qXRv3",19,"96.9% (96.377-97.43014%)","55.4% (54.3825-56.4970%)",0.337879085261746,0.987202150320597,2.95963865068868,0.454898865215723
"MDF","qXRv3",20,"96.9% (96.302-97.36618%)","56.0% (54.9080-57.0199%)",0.340371039539993,0.987036100499532,2.93797028487349,0.459278438903996
"MDF","qXRv3",21,"96.8% (96.176-97.25943%)","56.4% (55.3635-57.4730%)",0.342433988385278,0.986669199323951,2.9202708665557,0.463179919016005
"MDF","qXRv3",22,"96.7% (96.151-97.23806%)","57.1% (56.0878-58.1931%)",0.346153628029124,0.986742731503609,2.88889070928895,0.469075805809789
"MDF","qXRv3",23,"96.7% (96.076-97.17390%)","57.6% (56.5785-58.6808%)",0.348594050685199,0.986577880577386,2.86866628398962,0.473172228717358
"MDF","qXRv3",24,"96.6% (96.026-97.13109%)","58.0% (56.9291-59.0291%)",0.350368377670432,0.986474915799551,2.85413885422227,0.47609194450954
"MDF","qXRv3",25,"96.2% (95.628-96.78769%)","58.6% (57.5604-59.6558%)",0.352930221880602,0.985173414370188,2.83342127707699,0.48189432244336
"MDF","qXRv3",26,"96.2% (95.553-96.72313%)","59.1% (58.0047-60.0968%)",0.355224600880833,0.985014494302837,2.81512034222953,0.485613210976657
"MDF","qXRv3",27,"96.1% (95.429-96.61541%)","59.6% (58.5076-60.5957%)",0.35777208093592,0.984695247361892,2.79507556146929,0.489892225462938
"MDF","qXRv3",28,"95.9% (95.255-96.46438%)","60.1% (59.0223-61.1060%)",0.360318348831987,0.984208868132064,2.77532355274611,0.494353831527931
"MDF","qXRv3",29,"95.7% (95.082-96.31310%)","60.4% (59.3850-61.4655%)",0.362023653493053,0.983691072886429,2.76225045063026,0.49758845087654
"MDF","qXRv3",30,"95.6% (94.958-96.20489%)","60.8% (59.7478-61.8250%)",0.363863471114355,0.983353155796296,2.74828357168538,0.500734862240006
"MDF","qXRv3",31,"95.5% (94.859-96.11824%)","61.2% (60.2042-62.2771%)",0.366340504088411,0.983130794175548,2.72970088985483,0.504592238359443
"MDF","qXRv3",32,"95.4% (94.686-95.96643%)","61.8% (60.7544-62.8218%)",0.36925384431312,0.982681801097371,2.70816408657893,0.50933699520514
"MDF","qXRv3",33,"95.3% (94.587-95.87959%)","62.2% (61.1642-63.2274%)",0.371529227856246,0.982455306049365,2.69157827977649,0.512816836950305
"MDF","qXRv3",34,"95.2% (94.513-95.81441%)","62.6% (61.5624-63.6213%)",0.373821502817647,0.982312541353493,2.67507351092055,0.516158191109331
"MDF","qXRv3",35,"95.1% (94.366-95.68394%)","63.1% (62.0896-64.1425%)",0.376788181325309,0.981957574729431,2.6540110586341,0.52067007677532
"MDF","qXRv3",36,"94.8% (94.119-95.46619%)","63.6% (62.5934-64.6404%)",0.379429818565976,0.981272354196059,2.63553350598385,0.52516961122446
"MDF","qXRv3",37,"94.7% (93.947-95.31354%)","64.3% (63.2731-65.3119%)",0.383449686919783,0.980894871245908,2.607904072195,0.530952587599404
"MDF","qXRv3",38,"94.4% (93.677-95.07331%)","64.7% (63.7186-65.7517%)",0.385764120168976,0.980133497638865,2.59225767176577,0.535024308073277
"MDF","qXRv3",39,"94.2% (93.432-94.85457%)","65.1% (64.1173-66.1451%)",0.387860318123879,0.979449360949221,2.57824776929257,0.538674390180307
"MDF","qXRv3",40,"93.9% (93.187-94.63552%)","65.6% (64.6216-66.6425%)",0.390715129313717,0.978807630859993,2.55940946478443,0.543173924629447
"MDF","qXRv3",41,"93.8% (93.065-94.52588%)","66.0% (65.0322-67.0474%)",0.393266050552022,0.978540867418691,2.54280784877391,0.546697870367185
"MDF","qXRv3",42,"93.6% (92.869-94.35031%)","66.3% (65.3372-67.3480%)",0.394933083088544,0.978008387444867,2.53207452811898,0.549504675740527
"MDF","qXRv3",43,"93.5% (92.772-94.26246%)","66.7% (65.6893-67.6949%)",0.397193505279284,0.977808815376925,2.51766453053369,0.552512599517852
"MDF","qXRv3",44,"93.4% (92.650-94.15258%)","67.1% (66.1235-68.1226%)",0.400019589670605,0.977560477066389,2.4998775705546,0.556225312442726
"MDF","qXRv3",45,"93.3% (92.479-93.99864%)","67.6% (66.5579-68.5502%)",0.402773652806488,0.977161502267469,2.48278404764586,0.560026233352743
"MDF","qXRv3",46,"93.1% (92.308-93.84458%)","67.9% (66.8749-68.8622%)",0.404699983118855,0.976728951367704,2.47096625083454,0.562883318327081
"MDF","qXRv3",47,"93.0% (92.211-93.75649%)","68.3% (67.2859-69.2665%)",0.407540787732372,0.976560442548316,2.45374212864478,0.566363160072246
"MDF","qXRv3",48,"92.9% (92.064-93.62428%)","68.6% (67.6031-69.5784%)",0.409587518261085,0.976211360180711,2.44148064922859,0.569176141054012
"MDF","qXRv3",49,"92.6% (91.821-93.40375%)","69.1% (68.1318-70.0981%)",0.413058782760115,0.975637163339192,2.42096292764401,0.573864442690289
"MDF","qXRv3",50,"92.5% (91.699-93.29340%)","69.6% (68.6489-70.6060%)",0.416819079028291,0.975440062223309,2.39912242580461,0.578237840770138
"MDF","qXRv3",51,"92.3% (91.481-93.09462%)","70.0% (69.0485-70.9984%)",0.419464272493149,0.974910067773796,2.38399326373221,0.581843818884595
"MDF","qXRv3",52,"92.1% (91.238-92.87356%)","70.4% (69.4365-71.3792%)",0.42199791575543,0.974309064328791,2.36967995021936,0.585399517398056
"MDF","qXRv3",53,"92.0% (91.116-92.76295%)","71.0% (69.9775-71.9099%)",0.426155337907854,0.974133945267135,2.34656218295739,0.589961682665041
"MDF","qXRv3",54,"91.7% (90.874-92.54159%)","71.2% (70.2598-72.1867%)",0.427903889895312,0.973507895660209,2.33697338027157,0.592667928836391
"MDF","qXRv3",55,"91.6% (90.728-92.40867%)","71.7% (70.6951-72.6134%)",0.431231478909787,0.973231082214328,2.31894017229016,0.596424745753836
"MDF","qXRv3",56,"91.4% (90.510-92.20918%)","72.3% (71.3777-73.2820%)",0.436599547427065,0.972832986609947,2.2904283934629,0.602295930113924
"MDF","qXRv3",57,"91.2% (90.268-91.98734%)","72.8% (71.8251-73.7199%)",0.439945997603032,0.972286049360893,2.27300624496716,0.606323546595225
"MDF","qXRv3",58,"90.7% (89.833-91.58760%)","73.2% (72.2726-74.1577%)",0.442857120167834,0.971184907331997,2.25806463181854,0.610703995017102
"MDF","qXRv3",59,"90.5% (89.567-91.34305%)","73.8% (72.8144-74.6875%)",0.447155085676163,0.970622693990042,2.23636056489854,0.615530784239518
"MDF","qXRv3",60,"90.0% (89.036-90.85338%)","74.2% (73.2504-75.1135%)",0.449852747216675,0.96926914258831,2.22294963449082,0.619993265038115
"MDF","qXRv3",61,"89.6% (88.675-90.51909%)","74.6% (73.7101-75.5624%)",0.453291817942499,0.968423265265144,2.20608438188675,0.624335785075844
"MDF","qXRv3",62,"89.4% (88.410-90.27375%)","75.0% (74.0873-75.9306%)",0.45625784496261,0.967826852210262,2.19174313612503,0.627841203988309
"MDF","qXRv3",63,"89.1% (88.121-90.00591%)","75.6% (74.6534-76.4828%)",0.461104667562486,0.967247830477535,2.16870500419406,0.632900864390433
"MDF","qXRv3",64,"88.7% (87.760-89.67084%)","76.1% (75.1371-76.9543%)",0.465042793365777,0.96644280414365,2.15033974134388,0.637432151615298
"MDF","qXRv3",65,"88.4% (87.375-89.31312%)","76.6% (75.6445-77.4486%)",0.469262624117482,0.96559292040337,2.1310028726039,0.642196310019871
"MDF","qXRv3",66,"88.0% (86.943-88.91031%)","77.0% (76.0813-77.8738%)",0.472706349722796,0.964593044475281,2.11547824687868,0.646482374848179
"MDF","qXRv3",67,"87.5% (86.463-88.46230%)","77.5% (76.5890-78.3678%)",0.476875765626454,0.963507500807833,2.09698221650315,0.65142294922304
"MDF","qXRv3",68,"87.1% (86.104-88.12600%)","78.0% (77.0852-78.8501%)",0.481365679690781,0.962756400236496,2.07742272079384,0.656048620041472
"MDF","qXRv3",69,"86.9% (85.840-87.87923%)","78.5% (77.6524-79.4011%)",0.487057530106681,0.962305087364878,2.05314554890665,0.661064176451025
"MDF","qXRv3",70,"86.4% (85.290-87.36285%)","79.0% (78.1726-79.9060%)",0.49155875204578,0.961074867380232,2.03434481806738,0.666231446397169
"MDF","qXRv3",71,"85.9% (84.787-86.89090%)","79.6% (78.6811-80.3992%)",0.496194246341438,0.959984079410991,2.01533977343197,0.671216124764601
"MDF","qXRv3",72,"85.3% (84.238-86.37354%)","80.1% (79.2253-80.9266%)",0.501274959518992,0.958801550757152,1.99491313302298,0.676572161897881
"MDF","qXRv3",73,"85.1% (83.951-86.10341%)","80.8% (79.9948-81.6715%)",0.510150153948247,0.958428776282889,1.96020719049209,0.68323634339066
"MDF","qXRv3",74,"84.5% (83.426-85.60785%)","81.4% (80.5278-82.1868%)",0.515579348536442,0.957334457000552,1.93956566111243,0.6884538929378
"MDF","qXRv3",75,"83.9% (82.734-84.95399%)","82.1% (81.2981-82.9308%)",0.523942380355146,0.955951011889572,1.90860681917383,0.695867842304303
"MDF","qXRv3",76,"83.0% (81.877-84.14136%)","82.7% (81.9029-83.5142%)",0.529874488635665,0.954091648720242,1.88723937733788,0.702269149308858
"MDF","qXRv3",77,"82.1% (80.878-83.19204%)","83.5% (82.7098-84.2914%)",0.538614661042031,0.952019020756563,1.85661489062579,0.710539601359499
"MDF","qXRv3",78,"81.4% (80.165-82.51319%)","84.2% (83.4341-84.9881%)",0.547434522094568,0.950648671973163,1.82670248155679,0.717620120344302
"MDF","qXRv3",79,"80.4% (79.144-81.53910%)","85.1% (84.3018-85.8212%)",0.558083700315919,0.94863485796683,1.79184591743841,0.726406594355355
"MDF","qXRv3",80,"78.7% (77.461-79.92815%)","85.9% (85.1821-86.6647%)",0.567625545296703,0.945088752097535,1.76172479953715,0.736522363751992
"MDF","qXRv3",81,"77.3% (75.970-78.49624%)","86.9% (86.2064-87.6439%)",0.581110423513324,0.942171692514369,1.72084333637335,0.747417904330867
"MDF","qXRv3",82,"75.7% (74.410-76.99381%)","87.9% (87.1486-88.5422%)",0.593965136783821,0.939121554632462,1.68360049785878,0.757785071732483
"MDF","qXRv3",83,"73.7% (72.382-75.03278%)","88.8% (88.1518-89.4959%)",0.607713973034239,0.935119797610956,1.64551095477882,0.769506236953378
"MDF","qXRv3",84,"71.6% (70.239-72.95395%)","89.8% (89.1087-90.4027%)",0.621482026598011,0.930941968680981,1.60905699151751,0.781070387762861
"MDF","qXRv3",85,"69.4% (68.005-70.77986%)","90.9% (90.3072-91.5338%)",0.642328568740627,0.926853954613693,1.55683562691386,0.79469862641399
"MDF","qXRv3",86,"66.3% (64.908-67.75290%)","91.9% (91.3163-92.4816%)",0.658043715731327,0.920896899416728,1.51965587710025,0.808448575293195
"MDF","qXRv3",87,"63.0% (61.491-64.39716%)","93.0% (92.4485-93.5393%)",0.678676262436047,0.914550368948567,1.47345657325717,0.823759816004087
"MDF","qXRv3",88,"59.0% (57.474-60.43409%)","94.0% (93.4514-94.4700%)",0.696578907876686,0.907080838234121,1.43558753888802,0.839179540992602
"MDF","qXRv3",89,"54.3% (52.769-55.76702%)","94.9% (94.3851-95.3301%)",0.712889539209906,0.898422577692276,1.40274186251673,0.855356084196869
"MDF","qXRv3",90,"48.8% (47.336-50.34400%)","95.9% (95.4327-96.2860%)",0.735261101613862,0.888754940813792,1.36006106919712,0.87379340750555
"MDF","qXRv3",91,"43.2% (41.736-44.71699%)","96.8% (96.3886-97.1471%)",0.759179885942999,0.879036870293193,1.31721087256925,0.891828494006263
"MDF","qXRv3",92,"37.3% (35.833-38.74326%)","97.7% (97.3154-97.9674%)",0.788745510905923,0.869073539443143,1.26783605887207,0.910197885622279
"MDF","qXRv3",93,"30.2% (28.877-31.64233%)","98.4% (98.1408-98.6795%)",0.81851709005922,0.857459860832075,1.2217215891334,0.929790712547066
"MDF","qXRv3",94,"22.9% (21.640-24.17191%)","99.1% (98.8928-99.3017%)",0.858405175319848,0.845668132928041,1.16495103798436,0.949340310212885
"MDF","qXRv3",95,"14.5% (13.491-15.61909%)","99.6% (99.4197-99.7060%)",0.890417584249716,0.832412735985912,1.12306856657893,0.968993091281508
"MDF","qXRv3",96,"7.4% (6.618-8.20328%)","99.8% (99.6687-99.8756%)",0.89195465077289,0.821213841764525,1.12113323153087,0.984276025677894
"MDF","qXRv3",97,"2.1% (1.704-2.58723%)","100.0% (99.9158-99.9972%)",0.955078532521379,0.813228606072921,1.0470343180681,0.995797769488816
"MDF","qXRv3",98,"0.2% (0.096-0.39621%)","100.0% (99.9570-100.0000%)",1,0.810321646319196,1,0.999603064066852
"MDF","qXRv3",99,"0.0% (0.000-0.08559%)","100.0% (99.9570-100.0000%)",NA,0.81,NA,1
"MDF","qXRv3",100,"0.0% (0.000-0.08559%)","100.0% (99.9570-100.0000%)",NA,0.81,NA,1
"MDF","qXRv2",0,"100.0% (99.914-100.00000%)","0.0% (0.0000-0.0430%)",0.19,NA,5.26315789473684,0
"MDF","qXRv2",1,"100.0% (99.914-100.00000%)","0.0% (0.0000-0.0430%)",0.19,NA,5.26315789473684,0
"MDF","qXRv2",2,"100.0% (99.914-100.00000%)","0.0% (0.0000-0.0430%)",0.19,NA,5.26315789473684,0
"MDF","qXRv2",3,"100.0% (99.914-100.00000%)","0.2% (0.1154-0.3170%)",0.190305348909707,1,5.25471304789474,0.0016045210906549
"MDF","qXRv2",4,"100.0% (99.871-99.99941%)","1.5% (1.2991-1.8340%)",0.192379320727195,0.996498826771535,5.19806388867574,0.0125971219371072
"MDF","qXRv2",5,"99.9% (99.797-99.98564%)","4.1% (3.6697-4.5185%)",0.19638097031116,0.996010675389024,5.0921430850226,0.0331665697264925
"MDF","qXRv2",6,"99.8% (99.665-99.93465%)","8.1% (7.4846-8.6476%)",0.202992952092613,0.995288606472862,4.92627940867504,0.0655277911034453
"MDF","qXRv2",7,"99.8% (99.604-99.90443%)","12.0% (11.3555-12.7440%)",0.210178529816741,0.995945289923023,4.75785990544286,0.0978951880888222
"MDF","qXRv2",8,"99.5% (99.284-99.71620%)","16.4% (15.6629-17.2428%)",0.218395427551148,0.99342012339443,4.57885044212201,0.134057330375792
"MDF","qXRv2",9,"99.4% (99.145-99.62411%)","20.7% (19.8301-21.5555%)",0.227213143318446,0.993461557093891,4.40115384785847,0.16863347839738
"MDF","qXRv2",10,"99.3% (99.007-99.52968%)","24.4% (23.5402-25.3702%)",0.235651657712561,0.993362492396197,4.24355173100358,0.199339899082682
"MDF","qXRv2",11,"99.1% (98.818-99.39458%)","27.2% (26.2571-28.1513%)",0.242094536572925,0.992646791252773,4.13061779152862,0.221923155112718
"MDF","qXRv2",12,"98.8% (98.420-99.09723%)","29.9% (28.9208-30.8692%)",0.248416415160397,0.99061568234082,4.02549887596728,0.24438732511549
"MDF","qXRv2",13,"98.5% (98.107-98.85407%)","32.2% (31.1840-33.1721%)",0.254115326024039,0.989284410236384,3.93522112832108,0.263415757365668
"MDF","qXRv2",14,"98.3% (97.900-98.69007%)","34.4% (33.4384-35.4605%)",0.260264124038223,0.988746327007088,3.84225065093158,0.282173390051991
"MDF","qXRv2",15,"98.2% (97.720-98.54554%)","36.1% (35.0470-37.0902%)",0.264787287824862,0.988213128528865,3.77661634821921,0.295601437505937
"MDF","qXRv2",16,"98.0% (97.566-98.42101%)","37.6% (36.5757-38.6367%)",0.269275425761317,0.98784126371245,3.71366973860581,0.308324695812336
"MDF","qXRv2",17,"97.8% (97.362-98.25414%)","38.9% (37.8504-39.9245%)",0.273002398737234,0.98714450517467,3.66297147799974,0.319059723045384
"MDF","qXRv2",18,"97.7% (97.158-98.08643%)","40.2% (39.1955-41.2819%)",0.277082892166805,0.986516259935549,3.60902830261349,0.33036105183984
"MDF","qXRv2",19,"97.6% (97.082-98.02334%)","41.5% (40.4950-42.5916%)",0.281382829144668,0.98655146726253,3.55387712547971,0.341064326297164
"MDF","qXRv2",20,"97.5% (97.006-97.96015%)","42.7% (41.6908-43.7954%)",0.285450706695934,0.986552058037486,3.50323182441869,0.350918148412377
"MDF","qXRv2",21,"97.4% (96.905-97.87574%)","43.8% (42.7710-44.8818%)",0.289167985891199,0.986396439322316,3.45819747963474,0.359872238584483
"MDF","qXRv2",22,"97.3% (96.754-97.74884%)","44.7% (43.6889-45.8043%)",0.292279944315251,0.985962289966152,3.42137741384475,0.367593166431782
"MDF","qXRv2",23,"97.1% (96.578-97.60036%)","45.5% (44.4910-46.6097%)",0.294973371034307,0.985393467880962,3.39013652823493,0.374414362335973
"MDF","qXRv2",24,"96.9% (96.352-97.40883%)","46.3% (45.2701-47.3914%)",0.297535277553194,0.984609573724616,3.36094599680274,0.381134999038172
"MDF","qXRv2",25,"96.8% (96.176-97.25943%)","47.3% (46.2007-48.3246%)",0.300857220139533,0.984126869411175,3.32383580336286,0.38899441447161
"MDF","qXRv2",26,"96.6% (96.001-97.10968%)","47.9% (46.8523-48.9776%)",0.303127295521258,0.983569504963904,3.29894408974421,0.394588623659418
"MDF","qXRv2",27,"96.4% (95.852-96.98105%)","48.7% (47.6439-49.7702%)",0.30606867262899,0.983183670772205,3.26724062090529,0.401271331977469
"MDF","qXRv2",28,"96.4% (95.802-96.93812%)","49.6% (48.4939-50.6208%)",0.309528923415293,0.983255049743061,3.23071585351753,0.408249542293072
"MDF","qXRv2",29,"96.4% (95.752-96.89517%)","50.1% (49.0646-51.1917%)",0.31186369933137,0.983232552732727,3.2065290129758,0.412962546363045
"MDF","qXRv2",30,"96.1% (95.478-96.65851%)","50.7% (49.6588-51.7856%)",0.313870324318927,0.982285067291726,3.18602914171615,0.418261253553301
"MDF","qXRv2",31,"95.9% (95.255-96.46438%)","51.4% (50.3813-52.5075%)",0.316588621149428,0.981610781937456,3.15867322195388,0.424509972287661
"MDF","qXRv2",32,"95.8% (95.131-96.35634%)","52.0% (50.8942-53.0196%)",0.318626818294811,0.981284128252407,3.13846777038945,0.428883370367509
"MDF","qXRv2",33,"95.5% (94.884-96.13991%)","52.6% (51.5238-53.6480%)",0.320966785796912,0.980507468572629,3.11558717054523,0.434421124345897
"MDF","qXRv2",34,"95.4% (94.760-96.03152%)","53.2% (52.1769-54.2995%)",0.323728430518975,0.980250167115747,3.08900889055954,0.439927125548561
"MDF","qXRv2",35,"95.2% (94.563-95.85786%)","53.7% (52.6436-54.7648%)",0.325497628781325,0.979639204717876,3.07221900123831,0.444055301231854
"MDF","qXRv2",36,"95.1% (94.439-95.74919%)","54.3% (53.2503-55.3695%)",0.328127876313757,0.979380735664909,3.04759233270323,0.449183768060247
"MDF","qXRv2",37,"95.0% (94.292-95.61866%)","54.9% (53.8572-55.9740%)",0.330753476535551,0.979033057718597,3.02339981570085,0.454356338881211
"MDF","qXRv2",38,"94.9% (94.218-95.55333%)","55.5% (54.4292-56.5435%)",0.333417839100535,0.97896212011736,2.99923964085938,0.459113446943755
"MDF","qXRv2",39,"94.7% (93.996-95.35717%)","56.0% (54.9780-57.0896%)",0.33568339731795,0.97832570775076,2.9789974958244,0.463946411774596
"MDF","qXRv2",40,"94.7% (93.972-95.33535%)","56.6% (55.5036-57.6124%)",0.338309448739049,0.978430158053779,2.95587369412002,0.468237777477725
"MDF","qXRv2",41,"94.5% (93.824-95.20439%)","56.9% (55.8775-57.9841%)",0.339911579161252,0.97801921378124,2.9419415557056,0.47152267642733
"MDF","qXRv2",42,"94.5% (93.726-95.11702%)","57.4% (56.3682-58.4718%)",0.342259300280207,0.977839668553347,2.92176136391707,0.475663203327471
"MDF","qXRv2",43,"94.3% (93.530-94.94210%)","57.9% (56.8590-58.9594%)",0.344422070725912,0.97730388199867,2.90341440051266,0.4799801461979
"MDF","qXRv2",44,"94.2% (93.408-94.83268%)","58.5% (57.4318-59.5282%)",0.34723337553232,0.977075861941392,2.8799074929562,0.484825462245589
"MDF","qXRv2",45,"94.0% (93.236-94.67935%)","58.9% (57.8995-59.9924%)",0.349404024138624,0.976635892578108,2.8620162645959,0.48890953393631
"MDF","qXRv2",46,"93.8% (93.089-94.54781%)","59.5% (58.4257-60.5145%)",0.351993646363846,0.976313234494238,2.84096037053558,0.493421419602299
"MDF","qXRv2",47,"93.5% (92.772-94.26246%)","59.9% (58.8468-60.9321%)",0.353634037711323,0.975349634331468,2.827782094936,0.49739258087418
"MDF","qXRv2",48,"93.4% (92.601-94.10861%)","60.3% (59.2446-61.3264%)",0.355507998492684,0.974906411786397,2.81287623412101,0.500910351003493
"MDF","qXRv2",49,"93.2% (92.357-93.88861%)","60.8% (59.7478-61.8250%)",0.357850507403159,0.974257176588073,2.79446299309949,0.505409885452634
"MDF","qXRv2",50,"93.0% (92.235-93.77852%)","61.2% (60.1691-62.2423%)",0.360038615497801,0.974006947182723,2.77747985064704,0.509028214783939
"MDF","qXRv2",51,"92.8% (92.016-93.58020%)","61.7% (60.7076-62.7755%)",0.362731021214415,0.973474086152954,2.75686374066387,0.513766796021212
"MDF","qXRv2",52,"92.6% (91.748-93.33754%)","62.2% (61.1994-63.2621%)",0.365073850422827,0.972765648748321,2.73917181096867,0.518216050869356
"MDF","qXRv2",53,"92.3% (91.481-93.09462%)","62.7% (61.6913-63.7487%)",0.367460361035779,0.972069273095033,2.72138196670044,0.522665305717501
"MDF","qXRv2",54,"92.2% (91.384-93.00622%)","63.2% (62.2067-64.2583%)",0.370450662226713,0.971963968986522,2.69941479923177,0.526994599804778
"MDF","qXRv2",55,"92.0% (91.189-92.82932%)","63.7% (62.6637-64.7099%)",0.372884684748499,0.971512504422984,2.68179424068992,0.531028391894503
"MDF","qXRv2",56,"91.9% (90.995-92.65229%)","64.2% (63.2145-65.2540%)",0.375971532093261,0.971108618167031,2.65977584641155,0.535817252732772
"MDF","qXRv2",57,"91.6% (90.680-92.36435%)","64.7% (63.6600-65.6938%)",0.378125038867637,0.970269387177892,2.64462782733108,0.539977181191789
"MDF","qXRv2",58,"91.3% (90.414-92.12047%)","65.3% (64.2815-66.3071%)",0.381622695286409,0.969679068384308,2.6203892282913,0.545464655569181
"MDF","qXRv2",59,"90.9% (90.002-91.74312%)","65.8% (64.7389-66.7582%)",0.383713541619458,0.968559901762871,2.60611078717606,0.549895383592053
"MDF","qXRv2",60,"90.6% (89.640-91.40977%)","66.2% (65.2082-67.2208%)",0.386049223600438,0.967618115287414,2.59034324865008,0.55433228722335
"MDF","qXRv2",61,"90.3% (89.422-91.20958%)","66.8% (65.7714-67.7758%)",0.389464534238196,0.967193662101266,2.56762788929171,0.559259635647758
"MDF","qXRv2",62,"89.8% (88.868-90.69742%)","67.4% (66.3935-68.3884%)",0.39252143117911,0.965748339993416,2.54763159554387,0.565276357936014
"MDF","qXRv2",63,"89.6% (88.627-90.47450%)","67.9% (66.8984-68.8853%)",0.395601512021642,0.96524476864951,2.52779620302688,0.569775892385155
"MDF","qXRv2",64,"89.4% (88.482-90.34068%)","68.4% (67.3917-69.3705%)",0.398907342220193,0.965039798452802,2.50684781692489,0.57400462727044
"MDF","qXRv2",65,"89.2% (88.193-90.07289%)","68.9% (67.9555-69.9249%)",0.402444907998203,0.964431299102909,2.48481215720703,0.579064287672564
"MDF","qXRv2",66,"88.5% (87.544-89.46966%)","69.6% (68.6136-70.5714%)",0.405860304244784,0.962791012131604,2.46390196218075,0.585540576711811
"MDF","qXRv2",67,"88.2% (87.231-89.17889%)","70.2% (69.2249-71.1715%)",0.40989790074549,0.962165996104512,2.43963191365771,0.591021875480779
"MDF","qXRv2",68,"87.8% (86.775-88.75356%)","70.6% (69.5894-71.5292%)",0.411637296944643,0.960996543787383,2.42932311387343,0.594785742740252
"MDF","qXRv2",69,"87.4% (86.367-88.37265%)","71.2% (70.1892-72.1175%)",0.415491425708776,0.960109094509324,2.4067885355134,0.60034907388594
"MDF","qXRv2",70,"87.0% (85.936-87.96898%)","71.8% (70.8481-72.7633%)",0.419892266167768,0.959199901311091,2.38156327366232,0.606428426992039
"MDF","qXRv2",71,"86.6% (85.505-87.56498%)","72.4% (71.4719-73.3742%)",0.424121287061568,0.958289474717242,2.35781610238968,0.612224629317435
"MDF","qXRv2",72,"86.2% (85.146-87.22805%)","73.0% (72.0959-73.9849%)",0.428676546998028,0.957601135346543,2.33276116223965,0.617888519665115
"MDF","qXRv2",73,"85.8% (84.692-86.80096%)","73.7% (72.7555-74.6299%)",0.433429370204471,0.956674312504958,2.30718098205539,0.624011976763787
"MDF","qXRv2",74,"85.2% (84.070-86.21598%)","74.4% (73.4154-75.2746%)",0.437870366344542,0.955297466977951,2.28378094719738,0.630444161810462
"MDF","qXRv2",75,"84.3% (83.187-85.38246%)","75.1% (74.1463-75.9881%)",0.442413690522653,0.9532638352566,2.26032788184885,0.637927792336836
"MDF","qXRv2",76,"83.7% (82.591-84.81862%)","75.5% (74.6180-76.4483%)",0.445368579856974,0.951903200341376,2.24533127218166,0.642805735893852
"MDF","qXRv2",77,"82.8% (81.639-83.91545%)","76.3% (75.4203-77.2302%)",0.450755083437615,0.949797754722326,2.21849966144287,0.65098797995935
"MDF","qXRv2",78,"82.1% (80.878-83.19204%)","77.1% (76.2348-78.0232%)",0.457088817458787,0.948259558758666,2.18775861890378,0.65891177567784
"MDF","qXRv2",79,"81.2% (79.975-82.33206%)","77.8% (76.9552-78.7238%)",0.462249088579555,0.946321603348056,2.16333579601617,0.666345126603218
"MDF","qXRv2",80,"80.3% (79.073-81.47110%)","78.6% (77.6878-79.4356%)",0.467779873657076,0.944434192477667,2.13775764267509,0.673872861122165
"MDF","qXRv2",81,"78.8% (77.579-80.04170%)","79.5% (78.6101-80.3304%)",0.473998355895176,0.941195824218487,2.10971195904559,0.684013332952497
"MDF","qXRv2",82,"77.8% (76.490-78.99653%)","80.3% (79.4384-81.1329%)",0.480715400057369,0.938999945962671,2.08023291927127,0.692648968160562
"MDF","qXRv2",83,"76.3% (75.001-77.56318%)","81.2% (80.3856-82.0494%)",0.488078070888456,0.935943708931578,2.04885254971543,0.70297820717803
"MDF","qXRv2",84,"75.0% (73.655-76.26455%)","82.1% (81.2625-82.8965%)",0.495458307393988,0.933269233200161,2.01833329883962,0.712476520678659
"MDF","qXRv2",85,"72.8% (71.486-74.16516%)","83.1% (82.2825-83.8800%)",0.502628906754169,0.928791010714219,1.98953937300922,0.724651077042122
"MDF","qXRv2",86,"70.7% (69.345-72.08477%)","84.2% (83.4460-84.9996%)",0.512751283963821,0.924631970806057,1.95026327826915,0.737914132535827
"MDF","qXRv2",87,"68.6% (67.183-69.97793%)","85.6% (84.8370-86.3343%)",0.527672036065164,0.920754919038408,1.89511653385495,0.753014580299896
"MDF","qXRv2",88,"65.5% (64.088-66.94916%)","87.2% (86.4329-87.8601%)",0.544843297218146,0.915105881942011,1.83539011144266,0.771483708857497
"MDF","qXRv2",89,"62.0% (60.485-63.40736%)","88.6% (87.9128-89.2690%)",0.56048546635188,0.9084957729483,1.78416758334316,0.789979289316003
"MDF","qXRv2",90,"57.9% (56.448-59.41865%)","90.1% (89.4680-90.7423%)",0.579018882793085,0.901323012734673,1.7270593925645,0.809879147194783
"MDF","qXRv2",91,"53.1% (51.584-54.58659%)","91.9% (91.2562-92.4253%)",0.604566356371869,0.893016748019857,1.65407814950407,0.833160037083944
"MDF","qXRv2",92,"46.9% (45.367-48.36974%)","93.7% (93.1248-94.1676%)",0.634272784489829,0.882558236459115,1.57660871545094,0.859609364096259
"MDF","qXRv2",93,"39.7% (38.228-41.17279%)","95.5% (95.0178-95.9088%)",0.673141075964885,0.870960402633801,1.48557269152918,0.887961338397592
"MDF","qXRv2",94,"30.5% (29.151-31.92423%)","97.1% (96.7336-97.4544%)",0.712456834243416,0.856298924635042,1.40359380658049,0.918596118563026
"MDF","qXRv2",95,"19.9% (18.710-21.11713%)","98.5% (98.2670-98.7862%)",0.762114473410931,0.839854704415077,1.31213883857157,0.950404929169839
"MDF","qXRv2",96,"9.6% (8.724-10.50518%)","99.5% (99.2857-99.6073%)",0.807522004283173,0.82425064101888,1.2383563478096,0.977443405763656
"MDF","qXRv2",97,"2.3% (1.872-2.79077%)","99.9% (99.7858-99.9441%)",0.822257445875206,0.813375293303618,1.21616411625875,0.994689868799697
"MDF","qXRv2",98,"0.1% (0.038-0.27064%)","100.0% (99.9570-100.0000%)",1,0.810178660355128,1,0.99977948003714
"MDF","qXRv2",99,"0.0% (0.000-0.08559%)","100.0% (99.9570-100.0000%)",NA,0.81,NA,1
"MDF","qXRv2",100,"0.0% (0.000-0.08559%)","100.0% (99.9570-100.0000%)",NA,0.81,NA,1
"MDF","CAD4TBv6",0,"100.0% (99.914-100.00000%)","0.0% (0.0000-0.0430%)",0.19,NA,5.26315789473684,0
"MDF","CAD4TBv6",1,"100.0% (99.914-100.00000%)","0.0% (0.0000-0.0430%)",0.19,NA,5.26315789473684,0
"MDF","CAD4TBv6",2,"100.0% (99.914-100.00000%)","0.0% (0.0028-0.0842%)",0.190035873166796,1,5.26216436578947,0.00018876718713589
"MDF","CAD4TBv6",3,"100.0% (99.914-100.00000%)","0.1% (0.0328-0.1680%)",0.190125613064617,1,5.25968060736842,0.00066068515497541
"MDF","CAD4TBv6",4,"100.0% (99.914-100.00000%)","0.1% (0.0723-0.2441%)",0.190215439300016,1,5.25719680631579,0.00113260312281527
"MDF","CAD4TBv6",5,"100.0% (99.914-100.00000%)","0.3% (0.2169-0.4712%)",0.190503450784721,1,5.24924874526316,0.00264274061990211
"MDF","CAD4TBv6",6,"100.0% (99.914-100.00000%)","0.6% (0.4428-0.7806%)",0.190919000579913,1,5.23782335421053,0.00481356327196458
"MDF","CAD4TBv6",7,"100.0% (99.914-100.00000%)","1.0% (0.7815-1.2104%)",0.191518400646383,1,5.22143040368421,0.00792822185970643
"MDF","CAD4TBv6",8,"100.0% (99.871-99.99941%)","1.3% (1.0652-1.5555%)",0.191975610261641,0.99580781107299,5.20899503138506,0.0105206828786124
"MDF","CAD4TBv6",9,"100.0% (99.871-99.99941%)","1.6% (1.3205-1.8592%)",0.19241610660801,0.996550517986205,5.19707012904695,0.0127858891242429
"MDF","CAD4TBv6",10,"100.0% (99.871-99.99941%)","2.0% (1.7182-2.3233%)",0.193099180011173,0.997290547250026,5.1786858957254,0.0162780820862565
"MDF","CAD4TBv6",11,"100.0% (99.832-99.99438%)","2.4% (2.1087-2.7715%)",0.193732189573547,0.995527001046531,5.16176481668457,0.019719995447274
"MDF","CAD4TBv6",12,"100.0% (99.832-99.99438%)","2.9% (2.5456-3.2664%)",0.194481193566314,0.996245744325669,5.14188534974731,0.0234953391899914
"MDF","CAD4TBv6",13,"99.9% (99.797-99.98564%)","3.4% (3.0180-3.7957%)",0.195256360737746,0.995205721528905,5.12147208020089,0.0275979377059844
"MDF","CAD4TBv6",14,"99.9% (99.797-99.98564%)","4.1% (3.6586-4.5062%)",0.196361801691379,0.995999290678865,5.09264017434356,0.0330721861329244
"MDF","CAD4TBv6",15,"99.9% (99.797-99.98564%)","4.6% (4.1356-5.0309%)",0.197189467241325,0.996436580419198,5.07126477894571,0.0371306806563456
"MDF","CAD4TBv6",16,"99.9% (99.797-99.98564%)","5.1% (4.6253-5.5663%)",0.198043634110846,0.99679503901702,5.04939229422691,0.0412835587733346
"MDF","CAD4TBv6",17,"99.9% (99.697-99.94887%)","5.6% (5.1609-6.1489%)",0.198872843655025,0.994240570077882,5.02833861889485,0.0459462832423113
"MDF","CAD4TBv6",18,"99.8% (99.665-99.93465%)","6.1% (5.5860-6.6091%)",0.199586147448179,0.993772768766524,5.01036776743057,0.0495769637904646
"MDF","CAD4TBv6",19,"99.8% (99.665-99.93465%)","6.4% (5.8884-6.9356%)",0.200122733988188,0.994077212175177,4.99693353209447,0.0521253208167988
"MDF","CAD4TBv6",20,"99.8% (99.665-99.93465%)","6.9% (6.3372-7.4187%)",0.200923001898442,0.994477217599532,4.9770309549001,0.0559006645595161
"MDF","CAD4TBv6",21,"99.8% (99.634-99.91979%)","7.5% (6.9329-8.0578%)",0.201955787967369,0.994210850188539,4.95157880873202,0.0609470990111887
"MDF","CAD4TBv6",22,"99.7% (99.544-99.87247%)","8.0% (7.3944-8.5513%)",0.202678660580807,0.99253039992913,4.93391853456276,0.0649491383251898
"MDF","CAD4TBv6",23,"99.7% (99.544-99.87247%)","8.4% (7.8679-9.0563%)",0.203541566230156,0.992960074911576,4.91300140075193,0.0689132492550429
"MDF","CAD4TBv6",24,"99.7% (99.544-99.87247%)","9.1% (8.4662-9.6928%)",0.204641015387397,0.993436511011541,4.88660593335575,0.0739155797141434
"MDF","CAD4TBv6",25,"99.7% (99.426-99.80499%)","9.5% (8.9183-10.1725%)",0.205326683781913,0.991504023479502,4.87028759039496,0.0778673394271484
"MDF","CAD4TBv6",26,"99.6% (99.369-99.76996%)","10.1% (9.4841-10.7715%)",0.206306570187768,0.990931103650002,4.8471553721719,0.0826747270906891
"MDF","CAD4TBv6",27,"99.6% (99.369-99.76996%)","10.5% (9.8805-11.1905%)",0.207052197377831,0.99127954651104,4.82970001122561,0.0859781528655668
"MDF","CAD4TBv6",28,"99.6% (99.340-99.75219%)","11.1% (10.4247-11.7645%)",0.208045174434386,0.991233043572611,4.80664837681867,0.0905526693493994
"MDF","CAD4TBv6",29,"99.6% (99.340-99.75219%)","11.7% (11.0035-12.3739%)",0.209152184283257,0.991675551301774,4.78120753759706,0.095366232621364
"MDF","CAD4TBv6",30,"99.6% (99.312-99.73426%)","12.1% (11.3783-12.7679%)",0.209836127775653,0.991494787831335,4.76562358732216,0.0985249952016777
"MDF","CAD4TBv6",31,"99.5% (99.200-99.66127%)","12.8% (12.0944-13.5194%)",0.211073989750854,0.990306597937059,4.73767516869499,0.104647577566745
"MDF","CAD4TBv6",32,"99.4% (99.172-99.64274%)","13.4% (12.6975-14.1510%)",0.212220861830884,0.990350469535069,4.71207209024005,0.109694012018418
"MDF","CAD4TBv6",33,"99.4% (99.172-99.64274%)","14.1% (13.3808-14.8655%)",0.213579387877063,0.990824176801981,4.68209975662822,0.115357027632494
"MDF","CAD4TBv6",34,"99.4% (99.172-99.64274%)","14.8% (14.0192-15.5318%)",0.214863130730957,0.99122617939993,4.65412561288685,0.120642508872298
"MDF","CAD4TBv6",35,"99.4% (99.117-99.60539%)","15.4% (14.6466-16.1856%)",0.21605995940432,0.990893530366291,4.62834484814776,0.125921814503678
"MDF","CAD4TBv6",36,"99.3% (99.035-99.54872%)","16.0% (15.2745-16.8391%)",0.217231593911394,0.990254766183893,4.60338195745085,0.13124522412763
"MDF","CAD4TBv6",37,"99.3% (99.007-99.52968%)","16.5% (15.6971-17.2784%)",0.218068481950114,0.990183223386302,4.58571541864892,0.134781521082216
"MDF","CAD4TBv6",38,"99.3% (98.953-99.49138%)","17.1% (16.2686-17.8718%)",0.21918438170365,0.989889400362737,4.56236887057062,0.139588908745756
"MDF","CAD4TBv6",39,"99.2% (98.926-99.47214%)","17.6% (16.8175-18.4411%)",0.220304405930222,0.989904288998612,4.53917385708907,0.144163425229589
"MDF","CAD4TBv6",40,"99.2% (98.899-99.45283%)","18.0% (17.2065-18.8442%)",0.221093278041055,0.989827906865179,4.52297785287849,0.147416571403471
"MDF","CAD4TBv6",41,"99.2% (98.845-99.41405%)","18.5% (17.7101-19.3656%)",0.222094603210483,0.989530733197158,4.50258576995805,0.151657657505604
"MDF","CAD4TBv6",42,"99.1% (98.764-99.35548%)","19.0% (18.2140-19.8868%)",0.223065398748844,0.988969966733562,4.4829902154656,0.155942847600309
"MDF","CAD4TBv6",43,"99.0% (98.711-99.31619%)","19.5% (18.6837-20.3722%)",0.224011321697028,0.98869133622639,4.46406008600087,0.159900782921738
"MDF","CAD4TBv6",44,"99.0% (98.658-99.27672%)","20.2% (19.3829-21.0941%)",0.225475234497451,0.988557990929929,4.43507688207463,0.165746390114526
"MDF","CAD4TBv6",45,"98.7% (98.263-98.97613%)","24.8% (23.8968-25.7358%)",0.235332246139659,0.987429867348294,4.24931141568481,0.203500702275303
"MDF","CAD4TBv6",46,"98.3% (97.874-98.66947%)","28.9% (27.8940-29.8225%)",0.244769599407728,0.986410257175006,4.08547467667436,0.236913369131955
"MDF","CAD4TBv6",47,"98.0% (97.515-98.37938%)","32.9% (31.8659-33.8647%)",0.255017315925841,0.985788646494896,3.92130234909538,0.269998781215331
"MDF","CAD4TBv6",48,"97.7% (97.158-98.08643%)","36.7% (35.6491-37.6996%)",0.265626482202301,0.985224534470511,3.76468487520157,0.301479672208053
"MDF","CAD4TBv6",49,"97.1% (96.603-97.62159%)","40.1% (39.0447-41.1298%)",0.275528302151807,0.983566437113521,3.62939121749109,0.33010435296004
"MDF","CAD4TBv6",50,"96.8% (96.252-97.32351%)","43.2% (42.1205-44.2277%)",0.28553050995606,0.983014679143377,3.50225270201034,0.35573346115155
"MDF","CAD4TBv6",51,"96.3% (95.727-96.87369%)","45.5% (44.4561-46.5746%)",0.293146352200373,0.981448721674407,3.41126537135442,0.375630747302716
"MDF","CAD4TBv6",52,"95.7% (95.057-96.29146%)","47.6% (46.4916-48.6161%)",0.299740162862054,0.979256455752389,3.33622291537961,0.393338683976547
"MDF","CAD4TBv6",53,"95.4% (94.711-95.98813%)","49.4% (48.3075-50.4344%)",0.306472467128615,0.978524285203407,3.2629358498959,0.408679980469151
"MDF","CAD4TBv6",54,"95.1% (94.366-95.68394%)","50.9% (49.8685-51.9952%)",0.312437050881808,0.977736068608327,3.20064472884264,0.421944837903262
"MDF","CAD4TBv6",55,"94.5% (93.726-95.11702%)","52.4% (51.3722-53.4968%)",0.317776992744419,0.975783016995779,3.1468609208102,0.435267025280396
"MDF","CAD4TBv6",56,"94.1% (93.310-94.74508%)","53.9% (52.8536-54.9741%)",0.323750929263604,0.974797914517579,3.08879422299906,0.448003509537247
"MDF","CAD4TBv6",57,"93.3% (92.552-94.06463%)","55.2% (54.1607-56.2762%)",0.328375939976004,0.972479455963319,3.04529010277999,0.459941695786586
"MDF","CAD4TBv6",58,"92.8% (91.991-93.55815%)","56.9% (55.8307-57.9376%)",0.335512795456731,0.971183151799729,2.98051225926781,0.474452941495956
"MDF","CAD4TBv6",59,"92.2% (91.335-92.96201%)","58.1% (57.0928-59.1916%)",0.340625473944593,0.969407350952692,2.9357757316843,0.485837177400735
"MDF","CAD4TBv6",60,"91.5% (90.583-92.27569%)","59.2% (58.1450-60.2360%)",0.344575371267411,0.967257808048731,2.9021226802189,0.49569892459158
"MDF","CAD4TBv6",61,"90.6% (89.736-91.49870%)","60.2% (59.1627-61.2452%)",0.348250859127557,0.964835749102489,2.87149327500645,0.505453936972009
"MDF","CAD4TBv6",62,"89.9% (88.940-90.76427%)","61.4% (60.3330-62.4046%)",0.353085610403123,0.962758930747485,2.8321743241201,0.516347728083677
"MDF","CAD4TBv6",63,"89.2% (88.193-90.07289%)","62.8% (61.7850-63.8414%)",0.35998746603466,0.961095874725929,2.77787449384062,0.529418517455831
"MDF","CAD4TBv6",64,"88.3% (87.279-89.22364%)","64.1% (63.1208-65.1614%)",0.366100669407208,0.958895739372518,2.73148913280931,0.54185419884031
"MDF","CAD4TBv6",65,"87.0% (86.008-88.03628%)","65.4% (64.3870-66.4112%)",0.371150039597053,0.955608428898279,2.69432815118563,0.55438513855196
"MDF","CAD4TBv6",66,"85.7% (84.620-86.73350%)","66.7% (65.6540-67.6602%)",0.376173963432384,0.952096091162111,2.65834453526645,0.567136598226471
"MDF","CAD4TBv6",67,"84.4% (83.235-85.42755%)","67.9% (66.9454-68.9315%)",0.381674359532539,0.948754906850921,2.62003452687983,0.580076825088117
"MDF","CAD4TBv6",68,"82.6% (81.472-83.75727%)","69.3% (68.3433-70.3059%)",0.387270436466655,0.944515085930142,2.58217489856369,0.594572168173026
"MDF","CAD4TBv6",69,"80.9% (79.690-82.06028%)","70.6% (69.6717-71.6100%)",0.392644206778648,0.940353519029419,2.5468349786802,0.608545313689099
"MDF","CAD4TBv6",70,"79.4% (78.148-80.58652%)","72.2% (71.2483-73.1552%)",0.40122211931416,0.93724260836562,2.49238502032086,0.62405947474438
"MDF","CAD4TBv6",71,"77.3% (76.041-78.56447%)","73.7% (72.7555-74.6299%)",0.40815907912681,0.932679423999471,2.45002512779904,0.64006583005998
"MDF","CAD4TBv6",72,"75.6% (74.269-76.85711%)","75.1% (74.2170-76.0572%)",0.416332579785976,0.929172622993928,2.40192588462347,0.6550771951053
"MDF","CAD4TBv6",73,"73.2% (71.863-74.53055%)","76.5% (75.5619-77.3681%)",0.421956277188968,0.924073833697769,2.36991378979335,0.670335532014384
"MDF","CAD4TBv6",74,"70.7% (69.345-72.08477%)","77.8% (76.9434-78.7123%)",0.428110266847545,0.918939902083086,2.33584680732759,0.686097539667032
"MDF","CAD4TBv6",75,"68.4% (66.949-69.74871%)","79.4% (78.5155-80.2387%)",0.437547216706292,0.914507837165476,2.28546762913421,0.703149164853907
"MDF","CAD4TBv6",76,"65.5% (64.018-66.88025%)","80.7% (79.8409-81.5225%)",0.442976965782848,0.908754562538059,2.25745372162355,0.71923312640501
"MDF","CAD4TBv6",77,"62.7% (61.187-64.09799%)","81.9% (81.0847-82.7248%)",0.448315262813062,0.903382902522145,2.2305731768427,0.73447998683085
"MDF","CAD4TBv6",78,"60.1% (58.570-61.51804%)","83.1% (82.2588-83.8572%)",0.454142133806838,0.898628927002948,2.20195380599796,0.748763609762135
"MDF","CAD4TBv6",79,"57.2% (55.679-58.65665%)","84.5% (83.7074-85.2507%)",0.463722025160075,0.893735354216343,2.15646431642923,0.765747303256346
"MDF","CAD4TBv6",80,"53.9% (52.351-55.35049%)","85.5% (84.7537-86.2545%)",0.465858820466293,0.887643209423602,2.14657307335958,0.780359930428114
"MDF","CAD4TBv6",81,"50.4% (48.890-51.89855%)","86.6% (85.8847-87.3367%)",0.469126743369834,0.881579992497228,2.13162010934784,0.79589786671029
"MDF","CAD4TBv6",82,"48.0% (46.525-49.53135%)","87.7% (86.9696-88.3717%)",0.477718212254782,0.877934953136485,2.09328422979752,0.808985380967311
"MDF","CAD4TBv6",83,"44.6% (43.146-46.13716%)","88.7% (88.0442-89.3938%)",0.481664795100022,0.872332096468308,2.07613263450641,0.823919087303931
"MDF","CAD4TBv6",84,"41.3% (39.843-42.80595%)","89.9% (89.2165-90.5046%)",0.489053884992329,0.867185061189391,2.04476445374866,0.839475550411379
"MDF","CAD4TBv6",85,"38.0% (36.524-39.44448%)","90.7% (90.0913-91.3304%)",0.489899726751958,0.861799479821788,2.04123404319903,0.8527165276722
"MDF","CAD4TBv6",86,"35.0% (33.602-36.47380%)","91.5% (90.9196-92.1096%)",0.49236534557116,0.857258597963376,2.03101215184015,0.864830202685027
"MDF","CAD4TBv6",87,"32.0% (30.595-33.40328%)","92.4% (91.8097-92.9434%)",0.496498650092436,0.852750860307544,2.01410416687704,0.87759221163598
"MDF","CAD4TBv6",88,"28.8% (27.435-30.16132%)","93.1% (92.5451-93.6291%)",0.494635969704149,0.847868699269872,2.02168879994336,0.889435961818554
"MDF","CAD4TBv6",89,"25.7% (24.420-27.05259%)","94.0% (93.4635-94.4812%)",0.50084705306139,0.843608208190032,1.99661751803784,0.902430841949216
"MDF","CAD4TBv6",90,"22.7% (21.504-24.03004%)","94.6% (94.1422-95.1071%)",0.498877280881685,0.839299044264355,2.00450098315293,0.913361634238231
"MDF","CAD4TBv6",91,"20.5% (19.300-21.73361%)","95.2% (94.6769-95.5975%)",0.497955752921362,0.836127806751827,2.0082105571294,0.9217925996347
"MDF","CAD4TBv6",92,"17.7% (16.604-18.90840%)","95.8% (95.3105-96.1752%)",0.495149376227119,0.832282064053886,2.0195925674383,0.931948921616296
"MDF","CAD4TBv6",93,"15.5% (14.415-16.59799%)","96.3% (95.8363-96.6511%)",0.492633522648831,0.829219278584269,2.02990652082124,0.940285503419197
"MDF","CAD4TBv6",94,"12.5% (11.493-13.48869%)","96.9% (96.4748-97.2240%)",0.482624479086032,0.825101021684827,2.07200430838847,0.950926969319084
"MDF","CAD4TBv6",95,"10.9% (9.994-11.87915%)","97.3% (96.8942-97.5967%)",0.483089051113997,0.823139987130415,2.07001172494805,0.957090979002715
"MDF","CAD4TBv6",96,"8.8% (7.968-9.68324%)","97.6% (97.2534-97.9130%)",0.462282550079525,0.820214656808182,2.16317920680323,0.963841566540233
"MDF","CAD4TBv6",97,"8.8% (7.946-9.65904%)","97.6% (97.2782-97.9348%)",0.464051470096102,0.820212336290021,2.15493337364691,0.964074437719941
"MDF","CAD4TBv6",98,"6.2% (5.452-6.91066%)","98.3% (98.0401-98.5939%)",0.464079077940014,0.817080846590005,2.15480517768409,0.974815588088216
"MDF","CAD4TBv6",99,"6.1% (5.408-6.86173%)","98.3% (98.0401-98.5939%)",0.462195436530939,0.817006918619983,2.16358691791856,0.97490379607336
"MDF","CAD4TBv6",100,"0.0% (0.000-0.08559%)","100.0% (99.9570-100.0000%)",NA,0.81,NA,1
"MDF","CAD4TBv7",0,"100.0% (99.914-100.00000%)","0.0% (0.0000-0.0430%)",0.19,NA,5.26315789473684,0
"MDF","CAD4TBv7",1,"99.4% (99.089-99.58658%)","14.8% (14.0648-15.5793%)",0.214837229147832,0.990170988722154,4.65468673174837,0.121152355224286
"MDF","CAD4TBv7",2,"98.7% (98.368-99.05698%)","24.9% (24.0234-25.8655%)",0.235808876413476,0.988346121401733,4.24072246647138,0.204362505834262
"MDF","CAD4TBv7",3,"98.4% (98.003-98.77223%)","31.5% (30.5256-32.5026%)",0.252094945923794,0.988385247341857,3.96675941413872,0.258212308502584
"MDF","CAD4TBv7",4,"98.1% (97.592-98.44181%)","36.4% (35.3712-37.4183%)",0.265553656454478,0.987587356553447,3.76571730682015,0.298464698088699
"MDF","CAD4TBv7",5,"97.7% (97.158-98.08643%)","40.5% (39.4391-41.5275%)",0.277905463538315,0.986596675646443,3.5983459528572,0.332343107304767
"MDF","CAD4TBv7",6,"97.3% (96.729-97.72765%)","43.2% (42.1088-44.2160%)",0.286416685642224,0.985331863620888,3.49141670206025,0.354801101699115
"MDF","CAD4TBv7",7,"97.0% (96.452-97.49404%)","45.5% (44.4213-46.5396%)",0.294458112217923,0.984790449038999,3.39606877347607,0.374068580737425
"MDF","CAD4TBv7",8,"96.8% (96.201-97.28080%)","47.5% (46.4450-48.5695%)",0.301886909857767,0.984318375731403,3.31249871175648,0.390932365943965
"MDF","CAD4TBv7",9,"96.6% (95.977-97.08826%)","49.3% (48.2726-50.3995%)",0.308953177133765,0.98392852178528,3.23673641837008,0.406147526067278
"MDF","CAD4TBv7",10,"96.2% (95.553-96.72313%)","50.5% (49.4025-51.5294%)",0.312909708324749,0.982509035479793,3.19581008001887,0.416052502517091
"MDF","CAD4TBv7",11,"96.1% (95.429-96.61541%)","51.8% (50.7310-52.8567%)",0.31852138640401,0.982442378992328,3.13950661614792,0.427032752146695
"MDF","CAD4TBv7",12,"95.9% (95.305-96.50756%)","52.9% (51.8154-53.9389%)",0.323212417300912,0.982298965111505,3.09394053715763,0.436030946311372
"MDF","CAD4TBv7",13,"95.8% (95.106-96.33472%)","53.9% (52.8186-54.9392%)",0.327505345476752,0.981842481389857,3.05338527694653,0.44450076729879
"MDF","CAD4TBv7",14,"95.6% (94.933-96.18324%)","54.7% (53.6004-55.7183%)",0.330900393103586,0.981425090830586,3.02205745548013,0.451133196015845
"MDF","CAD4TBv7",15,"95.5% (94.810-96.07489%)","55.6% (54.5577-56.6713%)",0.335362230483753,0.98126681373317,2.98185039668159,0.459093170651276
"MDF","CAD4TBv7",16,"95.3% (94.637-95.92302%)","56.4% (55.3401-57.4498%)",0.33894753779745,0.980870695233048,2.95030908469848,0.465725599368331
"MDF","CAD4TBv7",17,"95.2% (94.489-95.79268%)","57.0% (55.9592-58.0654%)",0.341821973546915,0.980522767944259,2.92549946284466,0.470992553782863
"MDF","CAD4TBv7",18,"95.1% (94.366-95.68394%)","57.7% (56.6720-58.7737%)",0.345307176920374,0.980304543974643,2.8959722439554,0.476970472953367
"MDF","CAD4TBv7",19,"95.0% (94.292-95.61866%)","58.4% (57.3032-59.4005%)",0.348538746252333,0.980243730687827,2.86912147000158,0.482199498983751
"MDF","CAD4TBv7",20,"94.9% (94.218-95.55333%)","58.8% (57.7942-59.8879%)",0.351060528940361,0.980138074105535,2.84851163136567,0.48629592189132
"MDF","CAD4TBv7",21,"94.7% (93.996-95.35717%)","59.5% (58.4374-60.5261%)",0.354140147880118,0.979556743178933,2.82374084380435,0.491883955470704
"MDF","CAD4TBv7",22,"94.6% (93.923-95.29171%)","60.1% (59.0223-61.1060%)",0.357291161816638,0.979490043622307,2.7988377739755,0.496735447126817
"MDF","CAD4TBv7",23,"94.5% (93.775-95.16071%)","60.7% (59.6424-61.7206%)",0.360538593144194,0.979178094259725,2.77362817466828,0.502002401541349
"MDF","CAD4TBv7",24,"94.5% (93.726-95.11702%)","61.1% (60.0755-62.1496%)",0.362971083856928,0.979151082407702,2.75504039984124,0.505582802488506
"MDF","CAD4TBv7",25,"94.3% (93.604-95.00772%)","61.6% (60.6022-62.6712%)",0.365830878838122,0.978901359442464,2.73350353358907,0.510050584161923
"MDF","CAD4TBv7",26,"94.2% (93.432-94.85457%)","62.0% (61.0120-63.0767%)",0.367913200569892,0.978448693887595,2.71803240125936,0.513662737884804
"MDF","CAD4TBv7",27,"94.1% (93.383-94.81078%)","62.6% (61.5390-63.5981%)",0.371039471042563,0.978458785567554,2.69513105220357,0.517998207580505
"MDF","CAD4TBv7",28,"94.0% (93.285-94.72318%)","63.0% (61.9490-64.0035%)",0.373369024042819,0.978264232673149,2.67831538131379,0.521478049325671
"MDF","CAD4TBv7",29,"93.9% (93.163-94.61360%)","63.3% (62.2302-64.2815%)",0.374855409008791,0.977946480637256,2.66769526587396,0.523963775534161
"MDF","CAD4TBv7",30,"93.7% (92.894-94.37227%)","63.7% (62.6637-64.7099%)",0.3769860381191,0.977193688705166,2.65261813140165,0.527941112414466
"MDF","CAD4TBv7",31,"93.5% (92.772-94.26246%)","64.2% (63.2028-65.2424%)",0.380193235053438,0.976974960531431,2.63024143462059,0.532503277681451
"MDF","CAD4TBv7",32,"93.5% (92.698-94.19654%)","64.7% (63.6483-65.6822%)",0.38295659143907,0.976887898329646,2.61126201338437,0.536222166214748
"MDF","CAD4TBv7",33,"93.3% (92.503-94.02064%)","65.0% (63.9766-66.0062%)",0.384680489151075,0.976361954993596,2.59955996782377,0.539217738775226
"MDF","CAD4TBv7",34,"93.3% (92.503-94.02064%)","65.4% (64.4105-66.4343%)",0.387618184038813,0.976514059502309,2.57985832754396,0.542709931737239
"MDF","CAD4TBv7",35,"93.1% (92.332-93.86660%)","65.8% (64.8327-66.8507%)",0.390105033037778,0.976108366223948,2.56341219751235,0.546416469053689
"MDF","CAD4TBv7",36,"93.0% (92.211-93.75649%)","66.3% (65.2785-67.2902%)",0.392916756569109,0.975872894675412,2.54506834661838,0.55022356557213
"MDF","CAD4TBv7",37,"92.8% (91.943-93.51405%)","66.8% (65.8418-67.8452%)",0.396256869444935,0.975217081241541,2.52361555624454,0.555239121981682
"MDF","CAD4TBv7",38,"92.6% (91.772-93.35961%)","67.2% (66.2057-68.2035%)",0.398460616327351,0.974807815904579,2.50965831759508,0.558473741330292
"MDF","CAD4TBv7",39,"92.4% (91.602-93.20507%)","67.7% (66.6870-68.6773%)",0.401561635890816,0.974446199126997,2.4902777322879,0.562652196614581
"MDF","CAD4TBv7",40,"92.2% (91.408-93.02833%)","68.2% (67.1802-69.1626%)",0.404750058509514,0.974018455056997,2.47066054463954,0.56696913948501
"MDF","CAD4TBv7",41,"92.0% (91.141-92.78508%)","68.5% (67.5444-69.5206%)",0.406834394796802,0.97332326932061,2.45800259955765,0.570380174803907
"MDF","CAD4TBv7",42,"91.8% (90.947-92.60802%)","69.0% (68.0378-70.0057%)",0.410134280448047,0.972909712609817,2.43822583888272,0.574697117674336
"MDF","CAD4TBv7",43,"91.7% (90.874-92.54159%)","69.5% (68.4843-70.4444%)",0.413438324119065,0.972855141788485,2.41874045453031,0.578416006207633
"MDF","CAD4TBv7",44,"91.5% (90.632-92.32003%)","69.9% (68.9310-70.8830%)",0.416369974973791,0.972285623604074,2.40171016188894,0.582443622688934
"MDF","CAD4TBv7",45,"91.2% (90.341-92.05391%)","70.4% (69.4012-71.3446%)",0.419426358639649,0.971586946038997,2.38420876371089,0.586748214342515
"MDF","CAD4TBv7",46,"91.0% (90.123-91.85416%)","70.8% (69.8246-71.7600%)",0.422344070602923,0.971097368740776,2.36773775128993,0.590542959644108
"MDF","CAD4TBv7",47,"90.8% (89.881-91.63205%)","71.3% (70.3775-72.3020%)",0.42634516299347,0.970593389609094,2.34551740420547,0.595420028467521
"MDF","CAD4TBv7",48,"90.5% (89.591-91.36529%)","72.0% (71.0011-72.9131%)",0.43092885374979,0.969983384212838,2.3205686769367,0.600951606837485
"MDF","CAD4TBv7",49,"90.2% (89.229-91.03153%)","72.3% (71.3660-73.2705%)",0.433165171358277,0.96906718862573,2.3085881925001,0.60453905812667
"MDF","CAD4TBv7",50,"89.9% (88.988-90.80882%)","72.8% (71.8840-73.7775%)",0.437127863418919,0.968576431058315,2.28766016464536,0.609132976169379
"MDF","CAD4TBv7",51,"89.7% (88.795-90.63056%)","73.3% (72.3433-74.2268%)",0.440774015230918,0.96820772934848,2.2687362808266,0.613166768259104
"MDF","CAD4TBv7",52,"89.4% (88.482-90.34068%)","73.7% (72.7084-74.5838%)",0.443301894797345,0.967458369743196,2.25579906545888,0.616666011563145
"MDF","CAD4TBv7",53,"89.3% (88.362-90.22912%)","74.0% (73.0737-74.9408%)",0.446390606259284,0.967267779185101,2.24019051023479,0.619812422926611
"MDF","CAD4TBv7",54,"89.1% (88.121-90.00591%)","74.5% (73.5686-75.4243%)",0.450449808390696,0.966792225195843,2.22000316433181,0.624217573782184
"MDF","CAD4TBv7",55,"88.9% (87.952-89.84958%)","74.9% (74.0166-75.8616%)",0.454337854967571,0.966506651331045,2.20100524106973,0.628112878285769
"MDF","CAD4TBv7",56,"88.6% (87.616-89.53673%)","75.3% (74.3939-76.2297%)",0.457149267767345,0.965722138241526,2.18746932459033,0.63175060917595
"MDF","CAD4TBv7",57,"88.4% (87.448-89.38022%)","75.7% (74.7832-76.6093%)",0.460592747634538,0.965420830848794,2.17111538367829,0.635173995711696
"MDF","CAD4TBv7",58,"88.2% (87.207-89.15652%)","76.0% (75.0781-76.8968%)",0.462937634832606,0.964881317106983,2.16011817739033,0.637974625476614
"MDF","CAD4TBv7",59,"88.0% (86.967-88.93270%)","76.4% (75.5029-77.3107%)",0.466667840840747,0.964404194085639,2.14285175125503,0.641813474770779
"MDF","CAD4TBv7",60,"87.8% (86.823-88.79835%)","76.8% (75.9042-77.7014%)",0.470491846294318,0.964185723201801,2.12543534574762,0.64528714090752
"MDF","CAD4TBv7",61,"87.7% (86.631-88.61916%)","77.2% (76.3174-78.1036%)",0.474386962365063,0.963843804667461,2.10798373339454,0.648943398622973
"MDF","CAD4TBv7",62,"87.5% (86.439-88.43989%)","77.6% (76.6835-78.4597%)",0.477844775911131,0.963484593011926,2.09272979513744,0.652222121964155
"MDF","CAD4TBv7",63,"87.1% (86.032-88.05872%)","77.9% (77.0025-78.7697%)",0.480243243809149,0.962524537081646,2.08227812237043,0.655520246864213
"MDF","CAD4TBv7",64,"86.8% (85.792-87.83435%)","78.3% (77.4278-79.1831%)",0.484360609561816,0.962073831756792,2.06457746616651,0.659359096158378
"MDF","CAD4TBv7",65,"86.6% (85.529-87.58743%)","78.7% (77.8415-79.5848%)",0.488367969527144,0.961558926425947,2.04763633652763,0.663147665851547
"MDF","CAD4TBv7",66,"86.3% (85.266-87.34038%)","79.1% (78.2672-79.9978%)",0.492606099261066,0.961055382694034,2.03001952574288,0.667030619138284
"MDF","CAD4TBv7",67,"86.1% (85.002-87.09322%)","79.5% (78.6101-80.3304%)",0.495948559626628,0.960518788279196,2.01633814755475,0.670252887270046
"MDF","CAD4TBv7",68,"85.8% (84.716-86.82345%)","79.8% (78.9650-80.6744%)",0.49943372695072,0.959930082104507,2.00226766042709,0.673613642987947
"MDF","CAD4TBv7",69,"85.4% (84.261-86.39604%)","80.3% (79.4147-81.1100%)",0.503694474285873,0.958955676393297,1.98533049507398,0.678038195402396
"MDF","CAD4TBv7",70,"85.1% (83.999-86.14844%)","80.6% (79.7461-81.4309%)",0.507114289316242,0.958431924126575,1.97194206723761,0.681166079940589
"MDF","CAD4TBv7",71,"84.5% (83.426-85.60785%)","81.0% (80.1724-81.8433%)",0.510935686638823,0.957158255754455,1.95719349059071,0.685622385130762
"MDF","CAD4TBv7",72,"84.1% (82.949-85.15699%)","81.4% (80.5989-82.2555%)",0.515142957819875,0.956145470330984,1.94120871657079,0.689902274350647
"MDF","CAD4TBv7",73,"83.6% (82.472-84.70580%)","81.9% (81.0847-82.7248%)",0.520270847449059,0.955175648603858,1.92207578976047,0.694654081538371
"MDF","CAD4TBv7",74,"83.4% (82.234-84.48008%)","82.4% (81.5708-83.1939%)",0.526255950318308,0.954821106996906,1.90021604391389,0.698964848800376
"MDF","CAD4TBv7",75,"82.9% (81.782-84.05100%)","82.9% (82.0808-83.6857%)",0.532127597956486,0.953944856576618,1.87924851828823,0.703861319182664
"MDF","CAD4TBv7",76,"82.6% (81.472-83.75727%)","83.4% (82.6267-84.2114%)",0.539139581425848,0.95345529371667,1.85480724185623,0.708776316390225
"MDF","CAD4TBv7",77,"82.1% (80.949-83.25990%)","83.9% (83.1016-84.6684%)",0.544683708131712,0.952405004952963,1.83592786982751,0.713521947969525
"MDF","CAD4TBv7",78,"81.5% (80.307-82.64901%)","84.3% (83.4817-85.0338%)",0.54859099608935,0.951025130312461,1.82285164563133,0.717733030763142
"MDF","CAD4TBv7",79,"81.1% (79.903-82.26412%)","84.6% (83.8144-85.3534%)",0.552576051680177,0.950215810870786,1.80970564496846,0.721125539256767
"MDF","CAD4TBv7",80,"80.5% (79.286-81.67509%)","84.9% (84.0996-85.6272%)",0.555257489957491,0.948867579529088,1.80096625094883,0.724537449309269
"MDF","CAD4TBv7",81,"79.8% (78.551-80.97222%)","85.4% (84.6229-86.1291%)",0.561547177515856,0.947381438360971,1.7807942770254,0.730057551195989
"MDF","CAD4TBv7",82,"79.1% (77.816-80.26875%)","85.8% (85.0274-86.5166%)",0.566078898904298,0.945848121470261,1.76653820153975,0.734633817147029
"MDF","CAD4TBv7",83,"78.7% (77.437-79.90544%)","86.2% (85.4440-86.9154%)",0.57206228436911,0.945186687136022,1.74806140401798,0.738642906803058
"MDF","CAD4TBv7",84,"78.1% (76.869-79.36020%)","86.6% (85.9085-87.3594%)",0.578502861895614,0.94411225935798,1.72859991863003,0.743382362773934
"MDF","CAD4TBv7",85,"77.5% (76.183-78.70093%)","87.1% (86.3256-87.7577%)",0.583946319979444,0.942744664505344,1.71248617515939,0.747964804333399
"MDF","CAD4TBv7",86,"76.8% (75.544-78.08671%)","87.6% (86.9219-88.3263%)",0.593129872958712,0.94161393304652,1.68597139613234,0.753874791811238
"MDF","CAD4TBv7",87,"76.0% (74.694-77.26715%)","88.2% (87.4709-88.8489%)",0.601161468506606,0.939979892869247,1.6634465986055,0.759804180847954
"MDF","CAD4TBv7",88,"75.1% (73.773-76.37853%)","88.8% (88.0681-89.4165%)",0.610363202716112,0.938239491426908,1.6383687541287,0.766243416236657
"MDF","CAD4TBv7",89,"74.0% (72.664-75.30663%)","89.4% (88.6899-90.0062%)",0.620011300776162,0.936116240847988,1.61287382786112,0.773224250753072
"MDF","CAD4TBv7",90,"72.7% (71.369-74.05095%)","90.1% (89.4081-90.6857%)",0.631851915471271,0.933672941528272,1.58264931309758,0.781312985958605
"MDF","CAD4TBv7",91,"71.4% (70.003-72.72528%)","90.7% (90.0553-91.2965%)",0.642649480436753,0.931074211589373,1.55605820971082,0.788967731580447
"MDF","CAD4TBv7",92,"69.6% (68.217-70.98599%)","91.3% (90.6434-91.8500%)",0.651387559663273,0.927558152220312,1.53518436937441,0.796944431100745
"MDF","CAD4TBv7",93,"67.6% (66.198-69.01496%)","92.2% (91.6051-92.7520%)",0.670145695371811,0.923882247868299,1.49221282313121,0.808288061947368
"MDF","CAD4TBv7",94,"64.9% (63.479-66.35180%)","93.0% (92.4003-93.4944%)",0.683934270816304,0.918693981591396,1.46212880779678,0.819633442261199
"MDF","CAD4TBv7",95,"61.7% (60.275-63.20011%)","93.9% (93.3304-94.3580%)",0.702255982108406,0.912739095543371,1.4239821738473,0.832943225948288
"MDF","CAD4TBv7",96,"57.1% (55.632-58.61046%)","94.9% (94.3972-95.3413%)",0.723723380678021,0.904167513757257,1.38174339353684,0.850025676704086
"MDF","CAD4TBv7",97,"51.2% (49.702-52.71005%)","95.9% (95.4693-96.3192%)",0.745988940387159,0.89338898036391,1.34050244696793,0.869577951043914
"MDF","CAD4TBv7",98,"42.7% (41.251-44.22779%)","97.3% (96.9560-97.6513%)",0.789043237113449,0.878714753219109,1.26735767187904,0.897096323154399
"MDF","CAD4TBv7",99,"29.1% (27.732-30.46706%)","98.8% (98.5590-99.0299%)",0.85163799689081,0.855912549682167,1.17420782498061,0.935110570763406
"MDF","CAD4TBv7",100,"0.0% (0.000-0.08559%)","100.0% (99.9570-100.0000%)",NA,0.81,NA,1
