"Country","DeepLearningSystem","Score","%XpertSaved","accuracy","Sens","Sensitivity","Specificity","PPV","NPV","X","Comment"
"Bangladesh","CAD4TB",0,0,0.152387,1,"1(1-1)","0(0-0)","0.1524(0.15-0.16)","NaN(0-1)",1,""
"Bangladesh","CAD4TB",1,0,0.152387,1,"1(1-1)","0(0-0)","0.1524(0.15-0.16)","NaN(0-1)",1,""
"Bangladesh","CAD4TB",2,2e-04,0.152595,1,"1(1-1)","2e-04(0-0)","0.1524(0.15-0.16)","1(0.48-1)",0.999755,""
"Bangladesh","CAD4TB",3,0.001,0.153385,1,"1(1-1)","0.0012(0-0)","0.1525(0.15-0.16)","1(0.86-1)",0.998822,""
"Bangladesh","CAD4TB",4,0.0023,0.154717,1,"1(1-1)","0.0027(0-0)","0.1527(0.15-0.16)","1(0.94-1)",0.997251,""
"Bangladesh","CAD4TB",5,0.004,0.156423,1,"1(1-1)","0.0048(0-0.01)","0.153(0.15-0.16)","1(0.96-1)",0.995238,""
"Bangladesh","CAD4TB",6,0.0064,0.158795,1,"1(1-1)","0.0076(0.01-0.01)","0.1534(0.15-0.16)","1(0.98-1)",0.992439,""
"Bangladesh","CAD4TB",7,0.0094,0.161833,1,"1(1-1)","0.0111(0.01-0.01)","0.1538(0.15-0.16)","1(0.98-1)",0.988856,""
"Bangladesh","CAD4TB",8,0.0126,0.16487,0.999727,"0.9997(1-1)","0.0148(0.01-0.02)","0.1543(0.15-0.16)","0.9967(0.98-1)",0.985223,""
"Bangladesh","CAD4TB",9,0.0154,0.167742,0.999727,"0.9997(1-1)","0.0182(0.02-0.02)","0.1547(0.15-0.16)","0.9973(0.99-1)",0.981835,""
"Bangladesh","CAD4TB",10,0.0192,0.171487,0.999727,"0.9997(1-1)","0.0226(0.02-0.02)","0.1553(0.15-0.16)","0.9978(0.99-1)",0.977417,""
"Bangladesh","CAD4TB",11,0.0233,0.175523,0.999454,"0.9995(1-1)","0.0274(0.03-0.03)","0.1559(0.15-0.16)","0.9964(0.99-1)",0.972605,""
"Bangladesh","CAD4TB",12,0.0273,0.179477,0.999454,"0.9995(1-1)","0.0321(0.03-0.03)","0.1566(0.15-0.16)","0.9969(0.99-1)",0.967941,""
"Bangladesh","CAD4TB",13,0.0312,0.183305,0.999181,"0.9992(1-1)","0.0366(0.03-0.04)","0.1572(0.15-0.16)","0.996(0.99-1)",0.963376,""
"Bangladesh","CAD4TB",14,0.0358,0.187924,0.999181,"0.9992(1-1)","0.0421(0.04-0.04)","0.1579(0.15-0.16)","0.9965(0.99-1)",0.957926,""
"Bangladesh","CAD4TB",15,0.0404,0.192501,0.999181,"0.9992(1-1)","0.0475(0.04-0.05)","0.1587(0.15-0.16)","0.9969(0.99-1)",0.952526,""
"Bangladesh","CAD4TB",16,0.0447,0.196871,0.999181,"0.9992(1-1)","0.0526(0.05-0.06)","0.1594(0.15-0.16)","0.9972(0.99-1)",0.947371,""
"Bangladesh","CAD4TB",17,0.0491,0.201115,0.998635,"0.9986(1-1)","0.0577(0.05-0.06)","0.16(0.16-0.16)","0.9958(0.99-1)",0.942265,""
"Bangladesh","CAD4TB",18,0.0537,0.205485,0.998088,"0.9981(1-1)","0.063(0.06-0.07)","0.1607(0.16-0.17)","0.9946(0.99-1)",0.937012,""
"Bangladesh","CAD4TB",19,0.0575,0.209271,0.998088,"0.9981(1-1)","0.0675(0.06-0.07)","0.1614(0.16-0.17)","0.9949(0.99-1)",0.932545,""
"Bangladesh","CAD4TB",20,0.062,0.213849,0.998088,"0.9981(1-1)","0.0729(0.07-0.08)","0.1622(0.16-0.17)","0.9953(0.99-1)",0.927144,""
"Bangladesh","CAD4TB",21,0.0672,0.218926,0.997815,"0.9978(1-1)","0.0789(0.08-0.08)","0.163(0.16-0.17)","0.995(0.99-1)",0.921106,""
"Bangladesh","CAD4TB",22,0.0717,0.223253,0.997269,"0.9973(0.99-1)","0.0841(0.08-0.09)","0.1637(0.16-0.17)","0.9942(0.99-1)",0.915902,""
"Bangladesh","CAD4TB",23,0.076,0.227498,0.996996,"0.997(0.99-1)","0.0892(0.09-0.09)","0.1644(0.16-0.17)","0.994(0.99-1)",0.910845,""
"Bangladesh","CAD4TB",24,0.0813,0.232741,0.996996,"0.997(0.99-1)","0.0953(0.09-0.1)","0.1654(0.16-0.17)","0.9944(0.99-1)",0.904659,""
"Bangladesh","CAD4TB",25,0.0863,0.237651,0.99645,"0.9964(0.99-1)","0.1012(0.1-0.11)","0.1662(0.16-0.17)","0.9937(0.99-1)",0.898768,""
"Bangladesh","CAD4TB",26,0.0905,0.241646,0.995904,"0.9959(0.99-1)","0.106(0.1-0.11)","0.1669(0.16-0.17)","0.9931(0.99-1)",0.893957,""
"Bangladesh","CAD4TB",27,0.0947,0.245849,0.995904,"0.9959(0.99-1)","0.111(0.11-0.12)","0.1676(0.16-0.17)","0.9934(0.99-1)",0.888998,""
"Bangladesh","CAD4TB",28,0.0998,0.250843,0.995631,"0.9956(0.99-1)","0.1169(0.11-0.12)","0.1685(0.16-0.17)","0.9933(0.99-1)",0.883058,""
"Bangladesh","CAD4TB",29,0.1052,0.256252,0.995631,"0.9956(0.99-1)","0.1233(0.12-0.13)","0.1696(0.16-0.17)","0.9937(0.99-1)",0.876675,""
"Bangladesh","CAD4TB",30,0.1098,0.260788,0.995358,"0.9954(0.99-1)","0.1287(0.12-0.13)","0.1704(0.17-0.18)","0.9936(0.99-1)",0.871275,""
"Bangladesh","CAD4TB",31,0.1155,0.266239,0.994539,"0.9945(0.99-1)","0.1353(0.13-0.14)","0.1713(0.17-0.18)","0.9928(0.99-1)",0.864696,""
"Bangladesh","CAD4TB",32,0.1205,0.271108,0.994265,"0.9943(0.99-1)","0.1411(0.14-0.15)","0.1723(0.17-0.18)","0.9927(0.99-1)",0.858903,""
"Bangladesh","CAD4TB",33,0.1256,0.276268,0.994265,"0.9943(0.99-1)","0.1472(0.14-0.15)","0.1733(0.17-0.18)","0.993(0.99-1)",0.852816,""
"Bangladesh","CAD4TB",34,0.1307,0.281345,0.994265,"0.9943(0.99-1)","0.1532(0.15-0.16)","0.1743(0.17-0.18)","0.9933(0.99-1)",0.846826,""
"Bangladesh","CAD4TB",35,0.1353,0.285881,0.993992,"0.994(0.99-1)","0.1586(0.15-0.16)","0.1752(0.17-0.18)","0.9932(0.99-1)",0.841426,""
"Bangladesh","CAD4TB",36,0.1402,0.290625,0.993446,"0.9934(0.99-1)","0.1643(0.16-0.17)","0.1761(0.17-0.18)","0.9929(0.99-1)",0.835731,""
"Bangladesh","CAD4TB",37,0.1439,0.294203,0.993173,"0.9932(0.99-1)","0.1685(0.16-0.17)","0.1768(0.17-0.18)","0.9928(0.99-1)",0.83146,""
"Bangladesh","CAD4TB",38,0.1487,0.298822,0.992627,"0.9926(0.99-1)","0.1741(0.17-0.18)","0.1777(0.17-0.18)","0.9924(0.99-1)",0.825912,""
"Bangladesh","CAD4TB",39,0.1534,0.303483,0.992354,"0.9924(0.99-0.99)","0.1796(0.17-0.18)","0.1786(0.17-0.18)","0.9924(0.99-0.99)",0.820364,""
"Bangladesh","CAD4TB",40,0.1575,0.307436,0.992081,"0.9921(0.99-0.99)","0.1843(0.18-0.19)","0.1794(0.17-0.18)","0.9923(0.99-0.99)",0.815651,""
"Bangladesh","CAD4TB",41,0.1617,0.311514,0.991535,"0.9915(0.99-0.99)","0.1893(0.18-0.19)","0.1802(0.17-0.19)","0.992(0.99-0.99)",0.810742,""
"Bangladesh","CAD4TB",42,0.1664,0.315967,0.990715,"0.9907(0.99-0.99)","0.1947(0.19-0.2)","0.1811(0.18-0.19)","0.9915(0.99-0.99)",0.805341,""
"Bangladesh","CAD4TB",43,0.1702,0.319546,0.990169,"0.9902(0.99-0.99)","0.199(0.19-0.2)","0.1818(0.18-0.19)","0.9912(0.99-0.99)",0.801021,""
"Bangladesh","CAD4TB",44,0.1761,0.325371,0.989623,"0.9896(0.99-0.99)","0.206(0.2-0.21)","0.183(0.18-0.19)","0.991(0.99-0.99)",0.79405,""
"Bangladesh","CAD4TB",45,0.2148,0.363073,0.986619,"0.9866(0.98-0.99)","0.251(0.25-0.26)","0.1915(0.19-0.2)","0.9905(0.99-0.99)",0.74903,""
"Bangladesh","CAD4TB",46,0.2517,0.39886,0.982796,"0.9828(0.98-0.99)","0.2939(0.29-0.3)","0.2001(0.19-0.21)","0.9896(0.99-0.99)",0.706122,""
"Bangladesh","CAD4TB",47,0.2865,0.432608,0.979519,"0.9795(0.97-0.98)","0.3343(0.33-0.34)","0.2092(0.2-0.22)","0.9891(0.99-0.99)",0.665718,""
"Bangladesh","CAD4TB",48,0.3203,0.465316,0.975969,"0.976(0.97-0.98)","0.3735(0.37-0.38)","0.2188(0.21-0.23)","0.9886(0.99-0.99)",0.626491,""
"Bangladesh","CAD4TB",49,0.3485,0.492031,0.970781,"0.9708(0.96-0.98)","0.406(0.4-0.41)","0.2271(0.22-0.23)","0.9872(0.98-0.99)",0.59404,""
"Bangladesh","CAD4TB",50,0.3739,0.5165,0.967777,"0.9678(0.96-0.97)","0.4354(0.43-0.44)","0.2356(0.23-0.24)","0.9869(0.98-0.99)",0.564633,""
"Bangladesh","CAD4TB",51,0.3942,0.535392,0.963135,"0.9631(0.96-0.97)","0.4585(0.45-0.47)","0.2423(0.24-0.25)","0.9858(0.98-0.99)",0.541509,""
"Bangladesh","CAD4TB",52,0.4118,0.551163,0.957127,"0.9571(0.95-0.96)","0.4782(0.47-0.49)","0.248(0.24-0.26)","0.9841(0.98-0.99)",0.521822,""
"Bangladesh","CAD4TB",53,0.4276,0.565769,0.953304,"0.9533(0.95-0.96)","0.4961(0.49-0.5)","0.2538(0.25-0.26)","0.9834(0.98-0.99)",0.503903,""
"Bangladesh","CAD4TB",54,0.4422,0.579377,0.950027,"0.95(0.94-0.96)","0.5127(0.51-0.52)","0.2595(0.25-0.27)","0.9828(0.98-0.99)",0.48726,"Radiologists' specificity = 0.461(0.454-0.467)"
"Bangladesh","CAD4TB",55,0.4572,0.592526,0.94402,"0.944(0.94-0.95)","0.5293(0.52-0.54)","0.265(0.26-0.27)","0.9813(0.98-0.98)",0.470666,""
"Bangladesh","CAD4TB",56,0.4712,0.605385,0.940197,"0.9402(0.93-0.95)","0.5452(0.54-0.55)","0.271(0.26-0.28)","0.9807(0.98-0.98)",0.454809,""
"Bangladesh","CAD4TB",57,0.4829,0.615122,0.933916,"0.9339(0.93-0.94)","0.5578(0.55-0.56)","0.2752(0.27-0.28)","0.9791(0.98-0.98)",0.442192,""
"Bangladesh","CAD4TB",58,0.4964,0.627023,0.928727,"0.9287(0.92-0.94)","0.5728(0.57-0.58)","0.281(0.27-0.29)","0.9781(0.98-0.98)",0.427218,"1/2 Xpert Saved"
"Bangladesh","CAD4TB",59,0.5081,0.636802,0.922174,"0.9222(0.91-0.93)","0.5855(0.58-0.59)","0.2857(0.28-0.29)","0.9767(0.97-0.98)",0.414502,""
"Bangladesh","CAD4TB",60,0.5194,0.645874,0.915074,"0.9151(0.91-0.92)","0.5975(0.59-0.6)","0.2901(0.28-0.3)","0.9751(0.97-0.98)",0.402523,""
"Bangladesh","CAD4TB",61,0.5308,0.654821,0.906881,"0.9069(0.9-0.92)","0.6095(0.6-0.62)","0.2945(0.29-0.3)","0.9733(0.97-0.98)",0.390495,""
"Bangladesh","CAD4TB",62,0.5415,0.663435,0.900055,"0.9001(0.89-0.91)","0.6209(0.61-0.63)","0.2991(0.29-0.31)","0.9719(0.97-0.97)",0.379106,""
"Bangladesh","CAD4TB",63,0.5544,0.673921,0.892135,"0.8921(0.88-0.9)","0.6347(0.63-0.64)","0.3051(0.3-0.31)","0.9704(0.97-0.97)",0.36531,""
"Bangladesh","CAD4TB",64,0.5669,0.6837,0.883124,"0.8831(0.87-0.89)","0.6478(0.64-0.65)","0.3108(0.3-0.32)","0.9686(0.97-0.97)",0.352153,"Radiologists' specificity = 0.627(0.621-0.634)"
"Bangladesh","CAD4TB",65,0.5788,0.69194,0.871109,"0.8711(0.86-0.88)","0.6597(0.65-0.67)","0.3152(0.31-0.32)","0.9661(0.96-0.97)",0.340272,""
"Bangladesh","CAD4TB",66,0.5914,0.700387,0.857455,"0.8575(0.85-0.87)","0.6721(0.67-0.68)","0.3198(0.31-0.33)","0.9633(0.96-0.97)",0.327851,""
"Bangladesh","CAD4TB",67,0.6044,0.709084,0.843528,"0.8435(0.83-0.86)","0.6849(0.68-0.69)","0.3249(0.32-0.33)","0.9605(0.96-0.96)",0.315087,""
"Bangladesh","CAD4TB",68,0.6178,0.717573,0.827417,"0.8274(0.81-0.84)","0.6978(0.69-0.7)","0.3299(0.32-0.34)","0.9574(0.95-0.96)",0.302175,""
"Bangladesh","CAD4TB",69,0.6318,0.726312,0.810213,"0.8102(0.8-0.82)","0.7112(0.7-0.72)","0.3353(0.33-0.35)","0.9542(0.95-0.96)",0.288772,""
"Bangladesh","CAD4TB",70,0.6456,0.735924,0.796286,"0.7963(0.78-0.81)","0.7251(0.72-0.73)","0.3424(0.33-0.35)","0.9519(0.95-0.96)",0.274928,""
"Bangladesh","CAD4TB",71,0.6605,0.744996,0.777171,"0.7772(0.76-0.79)","0.7392(0.73-0.75)","0.3489(0.34-0.36)","0.9486(0.95-0.95)",0.260788,"2/3 Xpert Saved"
"Bangladesh","CAD4TB",72,0.6748,0.753693,0.758875,"0.7589(0.74-0.77)","0.7528(0.75-0.76)","0.3556(0.34-0.37)","0.9455(0.94-0.95)",0.247238,""
"Bangladesh","CAD4TB",73,0.6904,0.762057,0.735117,"0.7351(0.72-0.75)","0.7669(0.76-0.77)","0.3618(0.35-0.37)","0.9415(0.94-0.95)",0.233099,""
"Bangladesh","CAD4TB",74,0.7055,0.770005,0.711633,"0.7116(0.7-0.73)","0.7805(0.77-0.79)","0.3682(0.36-0.38)","0.9377(0.93-0.94)",0.2195,""
"Bangladesh","CAD4TB",75,0.7211,0.778037,0.686783,"0.6868(0.67-0.7)","0.7944(0.79-0.8)","0.3753(0.36-0.39)","0.9338(0.93-0.94)",0.205557,""
"Bangladesh","CAD4TB",76,0.7369,0.78482,0.657291,"0.6573(0.64-0.67)","0.8077(0.8-0.81)","0.3807(0.37-0.39)","0.9291(0.93-0.93)",0.192253,""
"Bangladesh","CAD4TB",77,0.7518,0.791186,0.629164,"0.6292(0.61-0.64)","0.8203(0.81-0.83)","0.3863(0.37-0.4)","0.9248(0.92-0.93)",0.179685,"3/4 Xpert Saved"
"Bangladesh","CAD4TB",78,0.7656,0.796846,0.602403,"0.6024(0.59-0.62)","0.8318(0.83-0.84)","0.3917(0.38-0.4)","0.9209(0.92-0.92)",0.168197,""
"Bangladesh","CAD4TB",79,0.7798,0.802131,0.573184,"0.5732(0.56-0.59)","0.8433(0.84-0.85)","0.3967(0.38-0.41)","0.9166(0.91-0.92)",0.156709,""
"Bangladesh","CAD4TB",80,0.7935,0.805293,0.538777,"0.5388(0.52-0.56)","0.8532(0.85-0.86)","0.3975(0.38-0.41)","0.9114(0.91-0.92)",0.146792,""
"Bangladesh","CAD4TB",81,0.8072,0.808955,0.505735,"0.5057(0.49-0.52)","0.8635(0.86-0.87)","0.3997(0.39-0.41)","0.9067(0.9-0.91)",0.136531,""
"Bangladesh","CAD4TB",82,0.8198,0.813907,0.480612,"0.4806(0.46-0.5)","0.8738(0.87-0.88)","0.4065(0.39-0.42)","0.9035(0.9-0.91)",0.126172,""
"Bangladesh","CAD4TB",83,0.8337,0.817902,0.448116,"0.4481(0.43-0.46)","0.8844(0.88-0.89)","0.4107(0.4-0.43)","0.8991(0.89-0.9)",0.115617,""
"Bangladesh","CAD4TB",84,0.848,0.822146,0.415074,"0.4151(0.4-0.43)","0.8953(0.89-0.9)","0.4162(0.4-0.43)","0.8949(0.89-0.9)",0.104669,""
"Bangladesh","CAD4TB",85,0.8613,0.824893,0.380666,"0.3807(0.36-0.4)","0.9048(0.9-0.91)","0.4181(0.4-0.44)","0.8904(0.89-0.89)",0.095243,"Radiologists' specificity = 0.89(0.886-0.894)"
"Bangladesh","CAD4TB",86,0.8721,0.82714,0.35254,"0.3525(0.34-0.37)","0.9125(0.91-0.92)","0.42(0.4-0.44)","0.8869(0.88-0.89)",0.087535,""
"Bangladesh","CAD4TB",87,0.8839,0.829553,0.321682,"0.3217(0.31-0.34)","0.9209(0.92-0.92)","0.4222(0.4-0.44)","0.8831(0.88-0.89)",0.07914,""
"Bangladesh","CAD4TB",88,0.8945,0.830261,0.289186,"0.2892(0.27-0.3)","0.9275(0.92-0.93)","0.4178(0.4-0.44)","0.8789(0.87-0.88)",0.0724630000000001,""
"Bangladesh","CAD4TB",89,0.906,0.832633,0.259148,"0.2591(0.25-0.27)","0.9357(0.93-0.94)","0.4203(0.4-0.44)","0.8754(0.87-0.88)",0.064264,""
"Bangladesh","CAD4TB",90,0.9169,0.834297,0.228837,"0.2288(0.22-0.24)","0.9431(0.94-0.95)","0.4198(0.4-0.44)","0.8718(0.87-0.88)",0.056851,""
"Bangladesh","CAD4TB",91,0.9254,0.836003,0.206718,"0.2067(0.19-0.22)","0.9491(0.95-0.95)","0.4222(0.4-0.45)","0.8694(0.86-0.87)",0.050862,""
"Bangladesh","CAD4TB",92,0.9354,0.838084,0.180776,"0.1808(0.17-0.19)","0.9563(0.95-0.96)","0.4263(0.4-0.45)","0.8665(0.86-0.87)",0.043743,""
"Bangladesh","CAD4TB",93,0.9433,0.838958,0.157564,"0.1576(0.15-0.17)","0.9615(0.96-0.96)","0.4236(0.4-0.45)","0.8639(0.86-0.87)",0.038539,""
"Bangladesh","CAD4TB",94,0.9524,0.838833,0.127253,"0.1273(0.12-0.14)","0.9668(0.96-0.97)","0.4077(0.38-0.44)","0.8604(0.86-0.86)",0.033237,""
"Bangladesh","CAD4TB",95,0.9583,0.839749,0.111141,"0.1111(0.1-0.12)","0.9707(0.97-0.97)","0.4058(0.38-0.44)","0.8586(0.85-0.86)",0.02926,""
"Bangladesh","CAD4TB",96,0.9649,0.839873,0.089842,"0.0898(0.08-0.1)","0.9747(0.97-0.98)","0.3898(0.36-0.42)","0.8563(0.85-0.86)",0.025284,""
"Bangladesh","CAD4TB",97,0.9651,0.84004,0.089569,"0.0896(0.08-0.1)","0.975(0.97-0.98)","0.3914(0.36-0.43)","0.8562(0.85-0.86)",0.025038,""
"Bangladesh","CAD4TB",98,0.975,0.841663,0.062534,"0.0625(0.05-0.07)","0.9817(0.98-0.98)","0.381(0.34-0.42)","0.8535(0.85-0.86)",0.018263,""
"Bangladesh","CAD4TB",99,0.9752,0.841663,0.061988,"0.062(0.05-0.07)","0.9818(0.98-0.98)","0.3802(0.34-0.42)","0.8534(0.85-0.86)",0.018165,""
"Bangladesh","CAD4TB",100,1,0.847613,0,"0(0-0)","1(1-1)","NaN(0-1)","0.8476(0.84-0.85)",0,""
"Bangladesh","qXR",0,0,0.1524,1,"1(1-1)","0(0-0)","0.1524(0.15-0.16)","NaN(0-1)",1,""
"Bangladesh","qXR",0.01,0,0.1524,1,"1(1-1)","0(0-0)","0.1524(0.15-0.16)","NaN(0-1)",1,""
"Bangladesh","qXR",0.02,0,0.1524,1,"1(1-1)","0(0-0)","0.1524(0.15-0.16)","NaN(0-1)",1,""
"Bangladesh","qXR",0.03,0.002,0.1544,1,"1(1-1)","0.0024(0-0)","0.1527(0.15-0.16)","1(0.93-1)",0.9976,""
"Bangladesh","qXR",0.04,0.0137,0.166,0.9997,"0.9997(1-1)","0.0161(0.01-0.02)","0.1545(0.15-0.16)","0.997(0.98-1)",0.9839,""
"Bangladesh","qXR",0.05,0.0369,0.1891,0.9995,"0.9995(1-1)","0.0434(0.04-0.05)","0.1581(0.15-0.16)","0.9977(0.99-1)",0.9566,""
"Bangladesh","qXR",0.06,0.0689,0.2208,0.9984,"0.9984(1-1)","0.081(0.08-0.08)","0.1634(0.16-0.17)","0.9964(0.99-1)",0.919,""
"Bangladesh","qXR",0.07,0.104,0.2557,0.9978,"0.9978(1-1)","0.1223(0.12-0.13)","0.1697(0.16-0.17)","0.9968(0.99-1)",0.8777,""
"Bangladesh","qXR",0.08,0.1388,0.2898,0.9954,"0.9954(0.99-1)","0.1629(0.16-0.17)","0.1761(0.17-0.18)","0.9949(0.99-1)",0.8371,""
"Bangladesh","qXR",0.09,0.1734,0.3241,0.9943,"0.9943(0.99-1)","0.2036(0.2-0.21)","0.1833(0.18-0.19)","0.995(0.99-1)",0.7964,""
"Bangladesh","qXR",0.1,0.2062,0.3565,0.9932,"0.9932(0.99-1)","0.2421(0.24-0.25)","0.1907(0.19-0.2)","0.995(0.99-1)",0.7579,""
"Bangladesh","qXR",0.11,0.2332,0.3829,0.9913,"0.9913(0.99-0.99)","0.2736(0.27-0.28)","0.197(0.19-0.2)","0.9943(0.99-1)",0.7264,""
"Bangladesh","qXR",0.12,0.257,0.4059,0.9885,"0.9885(0.98-0.99)","0.3011(0.29-0.31)","0.2027(0.2-0.21)","0.9932(0.99-1)",0.6989,""
"Bangladesh","qXR",0.13,0.2776,0.4257,0.9861,"0.9861(0.98-0.99)","0.325(0.32-0.33)","0.208(0.2-0.21)","0.9924(0.99-0.99)",0.675,""
"Bangladesh","qXR",0.14,0.297,0.4445,0.9839,"0.9839(0.98-0.99)","0.3475(0.34-0.35)","0.2133(0.21-0.22)","0.9917(0.99-0.99)",0.6525,""
"Bangladesh","qXR",0.15,0.3113,0.4583,0.9825,"0.9825(0.98-0.99)","0.3641(0.36-0.37)","0.2174(0.21-0.22)","0.9914(0.99-0.99)",0.6359,""
"Bangladesh","qXR",0.16,0.325,0.4717,0.9812,"0.9812(0.98-0.99)","0.3801(0.37-0.39)","0.2215(0.22-0.23)","0.9912(0.99-0.99)",0.6199,""
"Bangladesh","qXR",0.17,0.3373,0.4834,0.9792,"0.9792(0.97-0.98)","0.3942(0.39-0.4)","0.2252(0.22-0.23)","0.9906(0.99-0.99)",0.6058,""
"Bangladesh","qXR",0.18,0.3487,0.4941,0.9771,"0.9771(0.97-0.98)","0.4072(0.4-0.41)","0.2286(0.22-0.24)","0.99(0.99-0.99)",0.5928,""
"Bangladesh","qXR",0.19,0.3592,0.5044,0.9765,"0.9765(0.97-0.98)","0.4195(0.41-0.43)","0.2322(0.23-0.24)","0.99(0.99-0.99)",0.5805,""
"Bangladesh","qXR",0.2,0.3692,0.5141,0.9754,"0.9754(0.97-0.98)","0.4311(0.42-0.44)","0.2356(0.23-0.24)","0.9899(0.99-0.99)",0.5689,""
"Bangladesh","qXR",0.21,0.3773,0.522,0.9746,"0.9746(0.97-0.98)","0.4406(0.43-0.45)","0.2385(0.23-0.25)","0.9897(0.99-0.99)",0.5594,""
"Bangladesh","qXR",0.22,0.3851,0.5294,0.9735,"0.9735(0.97-0.98)","0.4496(0.44-0.46)","0.2413(0.23-0.25)","0.9895(0.99-0.99)",0.5504,""
"Bangladesh","qXR",0.23,0.3934,0.5372,0.9719,"0.9719(0.97-0.98)","0.4591(0.45-0.47)","0.2442(0.24-0.25)","0.9891(0.99-0.99)",0.5409,""
"Bangladesh","qXR",0.24,0.4002,0.5433,0.9697,"0.9697(0.96-0.98)","0.4667(0.46-0.47)","0.2464(0.24-0.25)","0.9885(0.99-0.99)",0.5333,""
"Bangladesh","qXR",0.25,0.407,0.5496,0.9681,"0.9681(0.96-0.97)","0.4744(0.47-0.48)","0.2488(0.24-0.26)","0.988(0.99-0.99)",0.5256,""
"Bangladesh","qXR",0.26,0.4131,0.5554,0.9667,"0.9667(0.96-0.97)","0.4814(0.47-0.49)","0.251(0.24-0.26)","0.9877(0.99-0.99)",0.5186,""
"Bangladesh","qXR",0.27,0.4199,0.5616,0.965,"0.965(0.96-0.97)","0.4891(0.48-0.5)","0.2535(0.25-0.26)","0.9873(0.98-0.99)",0.5109,""
"Bangladesh","qXR",0.28,0.4264,0.5679,0.9645,"0.9645(0.96-0.97)","0.4966(0.49-0.5)","0.2562(0.25-0.26)","0.9873(0.98-0.99)",0.5034,""
"Bangladesh","qXR",0.29,0.4316,0.573,0.964,"0.964(0.96-0.97)","0.5027(0.5-0.51)","0.2584(0.25-0.27)","0.9873(0.98-0.99)",0.4973,""
"Bangladesh","qXR",0.3,0.4376,0.5783,0.9615,"0.9615(0.95-0.97)","0.5094(0.5-0.52)","0.2605(0.25-0.27)","0.9866(0.98-0.99)",0.4906,""
"Bangladesh","qXR",0.31,0.4429,0.583,0.9596,"0.9596(0.95-0.97)","0.5153(0.51-0.52)","0.2625(0.26-0.27)","0.9861(0.98-0.99)",0.4847,""
"Bangladesh","qXR",0.32,0.448,0.5877,0.9585,"0.9585(0.95-0.96)","0.5211(0.51-0.53)","0.2646(0.26-0.27)","0.9859(0.98-0.99)",0.4789,""
"Bangladesh","qXR",0.33,0.4531,0.5921,0.956,"0.956(0.95-0.96)","0.5266(0.52-0.53)","0.2664(0.26-0.27)","0.9852(0.98-0.99)",0.4734,""
"Bangladesh","qXR",0.34,0.459,0.5977,0.9549,"0.9549(0.95-0.96)","0.5335(0.53-0.54)","0.269(0.26-0.28)","0.985(0.98-0.99)",0.4665,""
"Bangladesh","qXR",0.35,0.4642,0.6023,0.953,"0.953(0.95-0.96)","0.5393(0.53-0.55)","0.2711(0.26-0.28)","0.9846(0.98-0.99)",0.4607,""
"Bangladesh","qXR",0.36,0.4697,0.6074,0.9519,"0.9519(0.94-0.96)","0.5455(0.54-0.55)","0.2735(0.27-0.28)","0.9844(0.98-0.99)",0.4545,""
"Bangladesh","qXR",0.37,0.4747,0.612,0.9506,"0.9506(0.94-0.96)","0.5511(0.54-0.56)","0.2757(0.27-0.28)","0.9841(0.98-0.99)",0.4489,"Radiologists' specificity = 0.461(0.454-0.467)"
"Bangladesh","qXR",0.38,0.4796,0.6167,0.9498,"0.9498(0.94-0.96)","0.5568(0.55-0.56)","0.2781(0.27-0.29)","0.984(0.98-0.99)",0.4432,""
"Bangladesh","qXR",0.39,0.4841,0.6206,0.9478,"0.9478(0.94-0.95)","0.5618(0.55-0.57)","0.28(0.27-0.29)","0.9836(0.98-0.99)",0.4382,""
"Bangladesh","qXR",0.4,0.4885,0.6249,0.9476,"0.9476(0.94-0.95)","0.5669(0.56-0.57)","0.2823(0.27-0.29)","0.9836(0.98-0.99)",0.4331,""
"Bangladesh","qXR",0.41,0.4931,0.629,0.9459,"0.9459(0.94-0.95)","0.572(0.57-0.58)","0.2844(0.28-0.29)","0.9833(0.98-0.99)",0.428,""
"Bangladesh","qXR",0.42,0.4972,0.6328,0.9448,"0.9448(0.94-0.95)","0.5767(0.57-0.58)","0.2864(0.28-0.29)","0.9831(0.98-0.99)",0.4233,""
"Bangladesh","qXR",0.43,0.5009,0.6358,0.9429,"0.9429(0.93-0.95)","0.5806(0.57-0.59)","0.2879(0.28-0.3)","0.9826(0.98-0.98)",0.4194,"1/2 Xpert Saved"
"Bangladesh","qXR",0.44,0.5061,0.6407,0.9416,"0.9416(0.93-0.95)","0.5866(0.58-0.59)","0.2905(0.28-0.3)","0.9824(0.98-0.98)",0.4134,""
"Bangladesh","qXR",0.45,0.511,0.6451,0.9399,"0.9399(0.93-0.95)","0.5921(0.59-0.6)","0.2929(0.28-0.3)","0.9821(0.98-0.98)",0.4079,""
"Bangladesh","qXR",0.46,0.5158,0.6495,0.9386,"0.9386(0.93-0.95)","0.5975(0.59-0.6)","0.2954(0.29-0.3)","0.9818(0.98-0.98)",0.4025,""
"Bangladesh","qXR",0.47,0.5205,0.6534,0.9361,"0.9361(0.93-0.94)","0.6025(0.6-0.61)","0.2975(0.29-0.31)","0.9813(0.98-0.98)",0.3975,""
"Bangladesh","qXR",0.48,0.5238,0.6562,0.9345,"0.9345(0.93-0.94)","0.6062(0.6-0.61)","0.299(0.29-0.31)","0.9809(0.98-0.98)",0.3938,""
"Bangladesh","qXR",0.49,0.5286,0.6603,0.932,"0.932(0.92-0.94)","0.6114(0.6-0.62)","0.3013(0.29-0.31)","0.9804(0.98-0.98)",0.3886,""
"Bangladesh","qXR",0.5,0.5331,0.6644,0.9306,"0.9306(0.92-0.94)","0.6165(0.61-0.62)","0.3037(0.3-0.31)","0.9802(0.98-0.98)",0.3835,""
"Bangladesh","qXR",0.51,0.5377,0.6683,0.9285,"0.9285(0.92-0.94)","0.6215(0.61-0.63)","0.3061(0.3-0.31)","0.9797(0.98-0.98)",0.3785,""
"Bangladesh","qXR",0.52,0.5423,0.6722,0.9263,"0.9263(0.92-0.93)","0.6265(0.62-0.63)","0.3084(0.3-0.32)","0.9793(0.98-0.98)",0.3735,""
"Bangladesh","qXR",0.53,0.5466,0.6758,0.9241,"0.9241(0.92-0.93)","0.6312(0.62-0.64)","0.3106(0.3-0.32)","0.9788(0.98-0.98)",0.3688,""
"Bangladesh","qXR",0.54,0.5511,0.68,0.923,"0.923(0.91-0.93)","0.6363(0.63-0.64)","0.3133(0.3-0.32)","0.9787(0.98-0.98)",0.3637,""
"Bangladesh","qXR",0.55,0.5557,0.6839,0.9208,"0.9208(0.91-0.93)","0.6413(0.63-0.65)","0.3158(0.31-0.32)","0.9783(0.98-0.98)",0.3587,""
"Bangladesh","qXR",0.56,0.5605,0.6882,0.9189,"0.9189(0.91-0.93)","0.6467(0.64-0.65)","0.3186(0.31-0.33)","0.9779(0.98-0.98)",0.3533,""
"Bangladesh","qXR",0.57,0.5648,0.6914,0.9156,"0.9156(0.91-0.92)","0.6511(0.64-0.66)","0.3206(0.31-0.33)","0.9772(0.97-0.98)",0.3489,""
"Bangladesh","qXR",0.58,0.5691,0.695,0.9132,"0.9132(0.9-0.92)","0.6558(0.65-0.66)","0.3229(0.31-0.33)","0.9767(0.97-0.98)",0.3442,""
"Bangladesh","qXR",0.59,0.5732,0.698,0.9096,"0.9096(0.9-0.92)","0.66(0.65-0.67)","0.3248(0.32-0.33)","0.976(0.97-0.98)",0.34,""
"Bangladesh","qXR",0.6,0.5774,0.7011,0.9061,"0.9061(0.9-0.92)","0.6643(0.66-0.67)","0.3267(0.32-0.34)","0.9752(0.97-0.98)",0.3357,""
"Bangladesh","qXR",0.61,0.582,0.705,0.9036,"0.9036(0.89-0.91)","0.6694(0.66-0.68)","0.3295(0.32-0.34)","0.9748(0.97-0.98)",0.3306,""
"Bangladesh","qXR",0.62,0.5874,0.709,0.899,"0.899(0.89-0.91)","0.6749(0.67-0.68)","0.3321(0.32-0.34)","0.9738(0.97-0.98)",0.3251,""
"Bangladesh","qXR",0.63,0.5923,0.7133,0.8971,"0.8971(0.89-0.91)","0.6802(0.67-0.69)","0.3353(0.33-0.34)","0.9735(0.97-0.98)",0.3198,""
"Bangladesh","qXR",0.64,0.5968,0.7174,0.8957,"0.8957(0.89-0.91)","0.6854(0.68-0.69)","0.3385(0.33-0.35)","0.9734(0.97-0.98)",0.3146,""
"Bangladesh","qXR",0.65,0.6018,0.7214,0.8924,"0.8924(0.88-0.9)","0.6907(0.68-0.7)","0.3415(0.33-0.35)","0.9728(0.97-0.98)",0.3093,""
"Bangladesh","qXR",0.66,0.6078,0.7256,0.8867,"0.8867(0.88-0.9)","0.6967(0.69-0.7)","0.3445(0.33-0.35)","0.9716(0.97-0.97)",0.3033,""
"Bangladesh","qXR",0.67,0.6135,0.7303,0.8834,"0.8834(0.87-0.89)","0.7028(0.7-0.71)","0.3483(0.34-0.36)","0.971(0.97-0.97)",0.2972,"Radiologists' specificity = 0.627(0.621-0.634)"
"Bangladesh","qXR",0.68,0.6182,0.7336,0.8788,"0.8788(0.87-0.89)","0.7075(0.7-0.71)","0.3507(0.34-0.36)","0.9701(0.97-0.97)",0.2925,""
"Bangladesh","qXR",0.69,0.6236,0.7378,0.8747,"0.8747(0.86-0.89)","0.7131(0.71-0.72)","0.3541(0.34-0.36)","0.9694(0.97-0.97)",0.2869,""
"Bangladesh","qXR",0.7,0.6291,0.7422,0.8708,"0.8708(0.86-0.88)","0.719(0.71-0.73)","0.3578(0.35-0.37)","0.9687(0.97-0.97)",0.281,""
"Bangladesh","qXR",0.71,0.6346,0.7462,0.8665,"0.8665(0.86-0.88)","0.7246(0.72-0.73)","0.3613(0.35-0.37)","0.9679(0.96-0.97)",0.2754,""
"Bangladesh","qXR",0.72,0.6405,0.7511,0.8629,"0.8629(0.85-0.87)","0.731(0.72-0.74)","0.3657(0.36-0.38)","0.9674(0.96-0.97)",0.269,""
"Bangladesh","qXR",0.73,0.6468,0.756,0.8583,"0.8583(0.85-0.87)","0.7376(0.73-0.74)","0.3703(0.36-0.38)","0.9666(0.96-0.97)",0.2624,""
"Bangladesh","qXR",0.74,0.6532,0.7605,0.852,"0.852(0.84-0.86)","0.7441(0.74-0.75)","0.3744(0.36-0.38)","0.9655(0.96-0.97)",0.2559,""
"Bangladesh","qXR",0.75,0.6604,0.7652,0.8438,"0.8438(0.83-0.86)","0.7511(0.75-0.76)","0.3787(0.37-0.39)","0.964(0.96-0.97)",0.2489,""
"Bangladesh","qXR",0.76,0.6663,0.7695,0.8386,"0.8386(0.83-0.85)","0.7571(0.75-0.76)","0.383(0.37-0.39)","0.9631(0.96-0.97)",0.2429,"2/3 Xpert Saved"
"Bangladesh","qXR",0.77,0.6743,0.7747,0.8293,"0.8293(0.82-0.84)","0.7648(0.76-0.77)","0.388(0.38-0.4)","0.9614(0.96-0.96)",0.2352,""
"Bangladesh","qXR",0.78,0.6814,0.7793,0.8214,"0.8214(0.81-0.83)","0.7718(0.77-0.78)","0.3928(0.38-0.4)","0.9601(0.96-0.96)",0.2282,""
"Bangladesh","qXR",0.79,0.689,0.784,0.8119,"0.8119(0.8-0.82)","0.779(0.77-0.78)","0.3978(0.39-0.41)","0.9584(0.96-0.96)",0.221,""
"Bangladesh","qXR",0.8,0.6965,0.7887,0.8026,"0.8026(0.79-0.82)","0.7862(0.78-0.79)","0.4029(0.39-0.41)","0.9568(0.95-0.96)",0.2138,""
"Bangladesh","qXR",0.81,0.7058,0.7941,0.7897,"0.7897(0.78-0.8)","0.7949(0.79-0.8)","0.4091(0.4-0.42)","0.9546(0.95-0.96)",0.2051,""
"Bangladesh","qXR",0.82,0.7142,0.7993,0.7794,"0.7794(0.77-0.79)","0.8029(0.8-0.81)","0.4155(0.4-0.43)","0.9529(0.95-0.96)",0.1971,""
"Bangladesh","qXR",0.83,0.7243,0.8052,0.7654,"0.7654(0.75-0.78)","0.8123(0.81-0.82)","0.423(0.41-0.44)","0.9506(0.95-0.95)",0.1877,""
"Bangladesh","qXR",0.84,0.734,0.8107,0.7518,"0.7518(0.74-0.77)","0.8213(0.82-0.83)","0.4306(0.42-0.44)","0.9485(0.95-0.95)",0.1787,""
"Bangladesh","qXR",0.85,0.746,0.8159,0.7294,"0.7294(0.71-0.74)","0.8314(0.83-0.84)","0.4375(0.42-0.45)","0.9447(0.94-0.95)",0.1686,"3/4 Xpert Saved"
"Bangladesh","qXR",0.86,0.7589,0.8224,0.7084,"0.7084(0.69-0.72)","0.8429(0.84-0.85)","0.4478(0.43-0.46)","0.9414(0.94-0.94)",0.1571,""
"Bangladesh","qXR",0.87,0.7724,0.8296,0.6879,"0.6879(0.67-0.7)","0.8551(0.85-0.86)","0.4605(0.45-0.47)","0.9384(0.93-0.94)",0.1449,""
"Bangladesh","qXR",0.88,0.7889,0.8368,0.657,"0.657(0.64-0.67)","0.8691(0.86-0.87)","0.4744(0.46-0.49)","0.9338(0.93-0.94)",0.1309,""
"Bangladesh","qXR",0.89,0.8065,0.8436,0.6218,"0.6218(0.61-0.64)","0.8835(0.88-0.89)","0.4897(0.48-0.5)","0.9285(0.92-0.93)",0.1165,""
"Bangladesh","qXR",0.9,0.8268,0.8519,0.5825,"0.5825(0.57-0.6)","0.9004(0.9-0.9)","0.5125(0.5-0.53)","0.923(0.92-0.93)",0.0996,""
"Bangladesh","qXR",0.91,0.8485,0.8595,0.536,"0.536(0.52-0.55)","0.9177(0.91-0.92)","0.5393(0.52-0.56)","0.9167(0.91-0.92)",0.0823,""
"Bangladesh","qXR",0.92,0.874,0.8659,0.4735,"0.4735(0.46-0.49)","0.9364(0.93-0.94)","0.5725(0.55-0.59)","0.9082(0.9-0.91)",0.0636,""
"Bangladesh","qXR",0.93,0.9006,0.8708,0.4022,"0.4022(0.39-0.42)","0.955(0.95-0.96)","0.6166(0.6-0.64)","0.8989(0.89-0.9)",0.045,"Radiologists' specificity = 0.89(0.886-0.894)"
"Bangladesh","qXR",0.94,0.928,0.8702,0.3102,"0.3102(0.3-0.33)","0.9708(0.97-0.97)","0.6566(0.63-0.68)","0.8867(0.88-0.89)",0.0292,""
"Bangladesh","qXR",0.95,0.9571,0.8663,0.2018,"0.2018(0.19-0.22)","0.9857(0.98-0.99)","0.7175(0.69-0.74)","0.8729(0.87-0.88)",0.0143,""
"Bangladesh","qXR",0.96,0.9809,0.8576,0.0953,"0.0953(0.09-0.11)","0.9946(0.99-1)","0.7603(0.72-0.8)","0.8595(0.85-0.86)",0.00539999999999996,""
"Bangladesh","qXR",0.97,0.9957,0.8498,0.0213,"0.0213(0.02-0.03)","0.9988(1-1)","0.7573(0.66-0.84)","0.8502(0.85-0.85)",0.00119999999999998,""
"Bangladesh","qXR",0.98,0.9998,0.8478,0.0011,"0.0011(0-0)","1(1-1)","1(0.4-1)","0.8478(0.84-0.85)",0,""
"Bangladesh","qXR",0.99,1,0.8476,0,"0(0-0)","1(1-1)","NaN(0-1)","0.8476(0.84-0.85)",0,""
"Bangladesh","qXR",1,1,0.8476,0,"0(0-0)","1(1-1)","NaN(0-1)","0.8476(0.84-0.85)",0,""
"Bangladesh","JF1",0,0,0.1524,1,"1(1-1)","0(0-0)","0.1524(0.15-0.16)","NaN(0-1)",1,""
"Bangladesh","JF1",0.01,0.0627,0.2139,0.9962,"0.9962(0.99-1)","0.0733(0.07-0.08)","0.162(0.16-0.17)","0.9907(0.98-0.99)",0.9267,""
"Bangladesh","JF1",0.02,0.1284,0.2778,0.9902,"0.9902(0.99-0.99)","0.1497(0.14-0.15)","0.1731(0.17-0.18)","0.9883(0.98-0.99)",0.8503,""
"Bangladesh","JF1",0.03,0.1654,0.3138,0.9869,"0.9869(0.98-0.99)","0.1927(0.19-0.2)","0.1802(0.17-0.19)","0.9879(0.98-0.99)",0.8073,""
"Bangladesh","JF1",0.04,0.1926,0.3399,0.9833,"0.9833(0.98-0.99)","0.2242(0.22-0.23)","0.1856(0.18-0.19)","0.9868(0.98-0.99)",0.7758,""
"Bangladesh","JF1",0.05,0.2107,0.3576,0.982,"0.982(0.98-0.99)","0.2453(0.24-0.25)","0.1896(0.18-0.2)","0.987(0.98-0.99)",0.7547,""
"Bangladesh","JF1",0.06,0.2265,0.3731,0.9809,"0.9809(0.98-0.99)","0.2638(0.26-0.27)","0.1932(0.19-0.2)","0.9871(0.98-0.99)",0.7362,""
"Bangladesh","JF1",0.07,0.2384,0.3848,0.9803,"0.9803(0.98-0.98)","0.2778(0.27-0.28)","0.1962(0.19-0.2)","0.9874(0.98-0.99)",0.7222,""
"Bangladesh","JF1",0.08,0.2506,0.3966,0.979,"0.979(0.97-0.98)","0.2919(0.29-0.3)","0.1991(0.19-0.2)","0.9872(0.98-0.99)",0.7081,""
"Bangladesh","JF1",0.09,0.261,0.4068,0.9784,"0.9784(0.97-0.98)","0.3041(0.3-0.31)","0.2018(0.2-0.21)","0.9874(0.98-0.99)",0.6959,""
"Bangladesh","JF1",0.1,0.2692,0.4146,0.9771,"0.9771(0.97-0.98)","0.3135(0.31-0.32)","0.2037(0.2-0.21)","0.987(0.98-0.99)",0.6865,""
"Bangladesh","JF1",0.11,0.2774,0.4226,0.9762,"0.9762(0.97-0.98)","0.323(0.32-0.33)","0.2059(0.2-0.21)","0.987(0.98-0.99)",0.677,""
"Bangladesh","JF1",0.12,0.2844,0.4293,0.9754,"0.9754(0.97-0.98)","0.3311(0.32-0.34)","0.2077(0.2-0.21)","0.9868(0.98-0.99)",0.6689,""
"Bangladesh","JF1",0.13,0.2906,0.4353,0.9749,"0.9749(0.97-0.98)","0.3383(0.33-0.34)","0.2094(0.2-0.22)","0.9868(0.98-0.99)",0.6617,""
"Bangladesh","JF1",0.14,0.2968,0.4414,0.9746,"0.9746(0.97-0.98)","0.3456(0.34-0.35)","0.2112(0.21-0.22)","0.987(0.98-0.99)",0.6544,""
"Bangladesh","JF1",0.15,0.3024,0.4467,0.9735,"0.9735(0.97-0.98)","0.352(0.35-0.36)","0.2126(0.21-0.22)","0.9867(0.98-0.99)",0.648,""
"Bangladesh","JF1",0.16,0.3075,0.4515,0.9724,"0.9724(0.97-0.98)","0.3578(0.35-0.36)","0.214(0.21-0.22)","0.9863(0.98-0.99)",0.6422,""
"Bangladesh","JF1",0.17,0.312,0.4559,0.9721,"0.9721(0.97-0.98)","0.3631(0.36-0.37)","0.2153(0.21-0.22)","0.9864(0.98-0.99)",0.6369,""
"Bangladesh","JF1",0.18,0.3168,0.4607,0.9721,"0.9721(0.97-0.98)","0.3687(0.36-0.38)","0.2168(0.21-0.22)","0.9866(0.98-0.99)",0.6313,""
"Bangladesh","JF1",0.19,0.3211,0.4646,0.9711,"0.9711(0.97-0.98)","0.3736(0.37-0.38)","0.218(0.21-0.22)","0.9863(0.98-0.99)",0.6264,""
"Bangladesh","JF1",0.2,0.3256,0.4691,0.9708,"0.9708(0.96-0.98)","0.3789(0.37-0.39)","0.2194(0.21-0.23)","0.9863(0.98-0.99)",0.6211,""
"Bangladesh","JF1",0.21,0.3299,0.4733,0.9702,"0.9702(0.96-0.98)","0.3839(0.38-0.39)","0.2207(0.21-0.23)","0.9863(0.98-0.99)",0.6161,""
"Bangladesh","JF1",0.22,0.3346,0.4777,0.9694,"0.9694(0.96-0.97)","0.3893(0.38-0.4)","0.222(0.22-0.23)","0.9861(0.98-0.99)",0.6107,""
"Bangladesh","JF1",0.23,0.3384,0.4813,0.9689,"0.9689(0.96-0.97)","0.3937(0.39-0.4)","0.2232(0.22-0.23)","0.986(0.98-0.99)",0.6063,""
"Bangladesh","JF1",0.24,0.3418,0.4846,0.9686,"0.9686(0.96-0.97)","0.3976(0.39-0.4)","0.2243(0.22-0.23)","0.986(0.98-0.99)",0.6024,""
"Bangladesh","JF1",0.25,0.3459,0.4887,0.9683,"0.9683(0.96-0.97)","0.4024(0.4-0.41)","0.2256(0.22-0.23)","0.986(0.98-0.99)",0.5976,""
"Bangladesh","JF1",0.26,0.349,0.4914,0.967,"0.967(0.96-0.97)","0.4059(0.4-0.41)","0.2264(0.22-0.23)","0.9856(0.98-0.99)",0.5941,""
"Bangladesh","JF1",0.27,0.3521,0.494,0.9656,"0.9656(0.96-0.97)","0.4092(0.4-0.42)","0.2271(0.22-0.23)","0.9851(0.98-0.99)",0.5908,""
"Bangladesh","JF1",0.28,0.3562,0.4981,0.9656,"0.9656(0.96-0.97)","0.4141(0.41-0.42)","0.2286(0.22-0.24)","0.9853(0.98-0.99)",0.5859,""
"Bangladesh","JF1",0.29,0.3586,0.5004,0.9653,"0.9653(0.96-0.97)","0.4168(0.41-0.42)","0.2293(0.22-0.24)","0.9853(0.98-0.99)",0.5832,""
"Bangladesh","JF1",0.3,0.3614,0.5031,0.965,"0.965(0.96-0.97)","0.4201(0.41-0.43)","0.2303(0.22-0.24)","0.9853(0.98-0.99)",0.5799,""
"Bangladesh","JF1",0.31,0.3643,0.5059,0.9645,"0.9645(0.96-0.97)","0.4234(0.42-0.43)","0.2312(0.22-0.24)","0.9852(0.98-0.99)",0.5766,""
"Bangladesh","JF1",0.32,0.3672,0.5087,0.9642,"0.9642(0.96-0.97)","0.4268(0.42-0.43)","0.2322(0.23-0.24)","0.9852(0.98-0.99)",0.5732,""
"Bangladesh","JF1",0.33,0.3705,0.5118,0.9637,"0.9637(0.96-0.97)","0.4306(0.42-0.44)","0.2333(0.23-0.24)","0.9851(0.98-0.99)",0.5694,""
"Bangladesh","JF1",0.34,0.3739,0.515,0.9631,"0.9631(0.96-0.97)","0.4345(0.43-0.44)","0.2344(0.23-0.24)","0.985(0.98-0.99)",0.5655,""
"Bangladesh","JF1",0.35,0.3767,0.5177,0.9629,"0.9629(0.96-0.97)","0.4377(0.43-0.44)","0.2354(0.23-0.24)","0.985(0.98-0.99)",0.5623,""
"Bangladesh","JF1",0.36,0.3791,0.5199,0.9618,"0.9618(0.96-0.97)","0.4404(0.43-0.45)","0.2361(0.23-0.24)","0.9846(0.98-0.99)",0.5596,""
"Bangladesh","JF1",0.37,0.3826,0.5231,0.961,"0.961(0.95-0.97)","0.4444(0.44-0.45)","0.2372(0.23-0.24)","0.9844(0.98-0.99)",0.5556,""
"Bangladesh","JF1",0.38,0.3854,0.5255,0.9596,"0.9596(0.95-0.97)","0.4474(0.44-0.45)","0.2379(0.23-0.24)","0.984(0.98-0.99)",0.5526,""
"Bangladesh","JF1",0.39,0.3878,0.5276,0.9588,"0.9588(0.95-0.96)","0.4501(0.44-0.46)","0.2386(0.23-0.25)","0.9838(0.98-0.99)",0.5499,""
"Bangladesh","JF1",0.4,0.3903,0.5299,0.9579,"0.9579(0.95-0.96)","0.4529(0.45-0.46)","0.2394(0.23-0.25)","0.9836(0.98-0.99)",0.5471,""
"Bangladesh","JF1",0.41,0.3922,0.5317,0.9579,"0.9579(0.95-0.96)","0.4551(0.45-0.46)","0.2402(0.23-0.25)","0.9837(0.98-0.99)",0.5449,""
"Bangladesh","JF1",0.42,0.395,0.5344,0.9571,"0.9571(0.95-0.96)","0.4583(0.45-0.47)","0.2411(0.23-0.25)","0.9835(0.98-0.99)",0.5417,""
"Bangladesh","JF1",0.43,0.3978,0.5366,0.9555,"0.9555(0.95-0.96)","0.4613(0.45-0.47)","0.2418(0.23-0.25)","0.9829(0.98-0.99)",0.5387,""
"Bangladesh","JF1",0.44,0.4003,0.539,0.9549,"0.9549(0.95-0.96)","0.4642(0.46-0.47)","0.2427(0.24-0.25)","0.9828(0.98-0.99)",0.5358,""
"Bangladesh","JF1",0.45,0.4025,0.5411,0.9547,"0.9547(0.95-0.96)","0.4667(0.46-0.47)","0.2435(0.24-0.25)","0.9828(0.98-0.99)",0.5333,""
"Bangladesh","JF1",0.46,0.4053,0.5437,0.9541,"0.9541(0.95-0.96)","0.4699(0.46-0.48)","0.2445(0.24-0.25)","0.9828(0.98-0.99)",0.5301,""
"Bangladesh","JF1",0.47,0.4075,0.5457,0.9536,"0.9536(0.95-0.96)","0.4724(0.47-0.48)","0.2452(0.24-0.25)","0.9826(0.98-0.99)",0.5276,""
"Bangladesh","JF1",0.48,0.4097,0.5478,0.953,"0.953(0.95-0.96)","0.4749(0.47-0.48)","0.246(0.24-0.25)","0.9825(0.98-0.98)",0.5251,""
"Bangladesh","JF1",0.49,0.4119,0.55,0.953,"0.953(0.95-0.96)","0.4775(0.47-0.48)","0.247(0.24-0.25)","0.9826(0.98-0.99)",0.5225,""
"Bangladesh","JF1",0.5,0.4144,0.5522,0.9522,"0.9522(0.94-0.96)","0.4803(0.47-0.49)","0.2478(0.24-0.26)","0.9824(0.98-0.98)",0.5197,""
"Bangladesh","JF1",0.51,0.4169,0.5546,0.9517,"0.9517(0.94-0.96)","0.4832(0.48-0.49)","0.2487(0.24-0.26)","0.9823(0.98-0.98)",0.5168,""
"Bangladesh","JF1",0.52,0.4191,0.5567,0.9514,"0.9514(0.94-0.96)","0.4857(0.48-0.49)","0.2496(0.24-0.26)","0.9823(0.98-0.98)",0.5143,""
"Bangladesh","JF1",0.53,0.4215,0.5588,0.9506,"0.9506(0.94-0.96)","0.4884(0.48-0.5)","0.2504(0.24-0.26)","0.9821(0.98-0.98)",0.5116,"Radiologists' specificity = 0.461(0.454-0.467)"
"Bangladesh","JF1",0.54,0.4236,0.5607,0.9498,"0.9498(0.94-0.96)","0.4907(0.48-0.5)","0.2511(0.24-0.26)","0.9819(0.98-0.98)",0.5093,""
"Bangladesh","JF1",0.55,0.4258,0.5628,0.9495,"0.9495(0.94-0.96)","0.4932(0.49-0.5)","0.252(0.24-0.26)","0.9819(0.98-0.98)",0.5068,""
"Bangladesh","JF1",0.56,0.4281,0.5651,0.9495,"0.9495(0.94-0.96)","0.4959(0.49-0.5)","0.253(0.25-0.26)","0.982(0.98-0.98)",0.5041,""
"Bangladesh","JF1",0.57,0.4303,0.5672,0.9492,"0.9492(0.94-0.96)","0.4985(0.49-0.51)","0.2539(0.25-0.26)","0.982(0.98-0.98)",0.5015,""
"Bangladesh","JF1",0.58,0.4322,0.5691,0.9492,"0.9492(0.94-0.96)","0.5008(0.49-0.51)","0.2548(0.25-0.26)","0.9821(0.98-0.98)",0.4992,""
"Bangladesh","JF1",0.59,0.4346,0.5712,0.9481,"0.9481(0.94-0.96)","0.5034(0.5-0.51)","0.2555(0.25-0.26)","0.9818(0.98-0.98)",0.4966,""
"Bangladesh","JF1",0.6,0.4368,0.5729,0.9465,"0.9465(0.94-0.95)","0.5057(0.5-0.51)","0.2561(0.25-0.26)","0.9813(0.98-0.98)",0.4943,""
"Bangladesh","JF1",0.61,0.4389,0.5749,0.9462,"0.9462(0.94-0.95)","0.5082(0.5-0.52)","0.257(0.25-0.26)","0.9813(0.98-0.98)",0.4918,""
"Bangladesh","JF1",0.62,0.4413,0.5772,0.9459,"0.9459(0.94-0.95)","0.5109(0.5-0.52)","0.258(0.25-0.27)","0.9813(0.98-0.98)",0.4891,""
"Bangladesh","JF1",0.63,0.4438,0.5795,0.9451,"0.9451(0.94-0.95)","0.5138(0.51-0.52)","0.259(0.25-0.27)","0.9812(0.98-0.98)",0.4862,""
"Bangladesh","JF1",0.64,0.4455,0.5812,0.9451,"0.9451(0.94-0.95)","0.5158(0.51-0.52)","0.2598(0.25-0.27)","0.9812(0.98-0.98)",0.4842,""
"Bangladesh","JF1",0.65,0.4476,0.5829,0.944,"0.944(0.94-0.95)","0.518(0.51-0.52)","0.2604(0.25-0.27)","0.9809(0.98-0.98)",0.482,""
"Bangladesh","JF1",0.66,0.4498,0.5848,0.9432,"0.9432(0.94-0.95)","0.5204(0.51-0.53)","0.2612(0.25-0.27)","0.9808(0.98-0.98)",0.4796,""
"Bangladesh","JF1",0.67,0.452,0.5868,0.9424,"0.9424(0.93-0.95)","0.5229(0.52-0.53)","0.2621(0.25-0.27)","0.9806(0.98-0.98)",0.4771,""
"Bangladesh","JF1",0.68,0.4545,0.5891,0.9418,"0.9418(0.93-0.95)","0.5257(0.52-0.53)","0.2631(0.26-0.27)","0.9805(0.98-0.98)",0.4743,""
"Bangladesh","JF1",0.69,0.4562,0.5909,0.9418,"0.9418(0.93-0.95)","0.5278(0.52-0.53)","0.2639(0.26-0.27)","0.9806(0.98-0.98)",0.4722,""
"Bangladesh","JF1",0.7,0.4587,0.5932,0.941,"0.941(0.93-0.95)","0.5306(0.52-0.54)","0.2649(0.26-0.27)","0.9804(0.98-0.98)",0.4694,""
"Bangladesh","JF1",0.71,0.4609,0.5951,0.9405,"0.9405(0.93-0.95)","0.5331(0.53-0.54)","0.2658(0.26-0.27)","0.9803(0.98-0.98)",0.4669,""
"Bangladesh","JF1",0.72,0.4635,0.5975,0.9397,"0.9397(0.93-0.95)","0.536(0.53-0.54)","0.2669(0.26-0.27)","0.9802(0.98-0.98)",0.464,""
"Bangladesh","JF1",0.73,0.4662,0.5996,0.9377,"0.9377(0.93-0.95)","0.5388(0.53-0.55)","0.2677(0.26-0.28)","0.9796(0.98-0.98)",0.4612,""
"Bangladesh","JF1",0.74,0.4684,0.6016,0.9369,"0.9369(0.93-0.94)","0.5413(0.53-0.55)","0.2686(0.26-0.28)","0.9795(0.98-0.98)",0.4587,""
"Bangladesh","JF1",0.75,0.4714,0.6041,0.9353,"0.9353(0.93-0.94)","0.5446(0.54-0.55)","0.2696(0.26-0.28)","0.9791(0.98-0.98)",0.4554,""
"Bangladesh","JF1",0.76,0.4748,0.6072,0.9345,"0.9345(0.93-0.94)","0.5483(0.54-0.56)","0.2711(0.26-0.28)","0.979(0.98-0.98)",0.4517,""
"Bangladesh","JF1",0.77,0.4781,0.6099,0.9326,"0.9326(0.92-0.94)","0.5519(0.55-0.56)","0.2723(0.26-0.28)","0.9785(0.98-0.98)",0.4481,""
"Bangladesh","JF1",0.78,0.4813,0.6128,0.9317,"0.9317(0.92-0.94)","0.5555(0.55-0.56)","0.2737(0.27-0.28)","0.9784(0.98-0.98)",0.4445,""
"Bangladesh","JF1",0.79,0.4837,0.6151,0.9312,"0.9312(0.92-0.94)","0.5583(0.55-0.57)","0.2748(0.27-0.28)","0.9783(0.98-0.98)",0.4417,""
"Bangladesh","JF1",0.8,0.4868,0.6177,0.9295,"0.9295(0.92-0.94)","0.5616(0.55-0.57)","0.276(0.27-0.28)","0.9779(0.98-0.98)",0.4384,""
"Bangladesh","JF1",0.81,0.4896,0.6202,0.9285,"0.9285(0.92-0.94)","0.5648(0.56-0.57)","0.2772(0.27-0.29)","0.9777(0.97-0.98)",0.4352,""
"Bangladesh","JF1",0.82,0.492,0.6221,0.9268,"0.9268(0.92-0.94)","0.5673(0.56-0.57)","0.278(0.27-0.29)","0.9773(0.97-0.98)",0.4327,""
"Bangladesh","JF1",0.83,0.4949,0.6244,0.9249,"0.9249(0.92-0.93)","0.5703(0.56-0.58)","0.279(0.27-0.29)","0.9769(0.97-0.98)",0.4297,""
"Bangladesh","JF1",0.84,0.4983,0.6271,0.9227,"0.9227(0.91-0.93)","0.574(0.57-0.58)","0.2803(0.27-0.29)","0.9764(0.97-0.98)",0.426,"1/2 Xpert Saved"
"Bangladesh","JF1",0.85,0.5023,0.6303,0.92,"0.92(0.91-0.93)","0.5782(0.57-0.58)","0.2817(0.27-0.29)","0.9757(0.97-0.98)",0.4218,""
"Bangladesh","JF1",0.86,0.5058,0.6331,0.9175,"0.9175(0.91-0.93)","0.582(0.58-0.59)","0.2829(0.27-0.29)","0.9752(0.97-0.98)",0.418,""
"Bangladesh","JF1",0.87,0.5104,0.6371,0.9156,"0.9156(0.91-0.92)","0.587(0.58-0.59)","0.285(0.28-0.29)","0.9748(0.97-0.98)",0.413,""
"Bangladesh","JF1",0.88,0.5153,0.6412,0.9132,"0.9132(0.9-0.92)","0.5923(0.59-0.6)","0.2871(0.28-0.3)","0.9743(0.97-0.98)",0.4077,""
"Bangladesh","JF1",0.89,0.5198,0.645,0.9107,"0.9107(0.9-0.92)","0.5972(0.59-0.6)","0.289(0.28-0.3)","0.9738(0.97-0.98)",0.4028,""
"Bangladesh","JF1",0.9,0.5243,0.649,0.9091,"0.9091(0.9-0.92)","0.6022(0.6-0.61)","0.2912(0.28-0.3)","0.9736(0.97-0.98)",0.3978,""
"Bangladesh","JF1",0.91,0.5296,0.6537,0.9072,"0.9072(0.9-0.92)","0.6082(0.6-0.61)","0.2939(0.29-0.3)","0.9733(0.97-0.98)",0.3918,""
"Bangladesh","JF1",0.92,0.5358,0.6585,0.9025,"0.9025(0.89-0.91)","0.6146(0.61-0.62)","0.2963(0.29-0.3)","0.9723(0.97-0.98)",0.3854,""
"Bangladesh","JF1",0.93,0.5428,0.664,0.8976,"0.8976(0.89-0.91)","0.622(0.62-0.63)","0.2992(0.29-0.31)","0.9713(0.97-0.97)",0.378,""
"Bangladesh","JF1",0.94,0.5503,0.6699,0.8924,"0.8924(0.88-0.9)","0.6299(0.62-0.64)","0.3024(0.29-0.31)","0.9702(0.97-0.97)",0.3701,""
"Bangladesh","JF1",0.95,0.5593,0.6768,0.8856,"0.8856(0.87-0.9)","0.6393(0.63-0.65)","0.3062(0.3-0.32)","0.9688(0.97-0.97)",0.3607,"Radiologists' specificity = 0.627(0.621-0.634)"
"Bangladesh","JF1",0.96,0.5719,0.6869,0.8771,"0.8771(0.87-0.89)","0.6527(0.65-0.66)","0.3122(0.3-0.32)","0.9673(0.96-0.97)",0.3473,""
"Bangladesh","JF1",0.97,0.5874,0.6998,0.8689,"0.8689(0.86-0.88)","0.6694(0.66-0.68)","0.3209(0.31-0.33)","0.966(0.96-0.97)",0.3306,""
"Bangladesh","JF1",0.98,0.6093,0.7156,0.8487,"0.8487(0.84-0.86)","0.6916(0.69-0.7)","0.331(0.32-0.34)","0.9622(0.96-0.97)",0.3084,""
"Bangladesh","JF1",0.99,0.6474,0.7435,0.8154,"0.8154(0.8-0.83)","0.7306(0.72-0.74)","0.3524(0.34-0.36)","0.9565(0.95-0.96)",0.2694,"3/4 Xpert Saved"
"Bangladesh","JF1",1,0.9898,0.853,0.0511,"0.0511(0.04-0.06)","0.9972(1-1)","0.7633(0.7-0.82)","0.8539(0.85-0.86)",0.00280000000000002,"Radiologists' specificity = 0.89(0.886-0.894)"
"Bangladesh","IF2",0,0,0.1524,1,"1(1-1)","0(0-0)","0.1524(0.15-0.16)","NaN(0-1)",1,""
"Bangladesh","IF2",0.01,0,0.1524,1,"1(1-1)","0(0-0)","0.1524(0.15-0.16)","NaN(0-1)",1,""
"Bangladesh","IF2",0.02,0,0.1524,1,"1(1-1)","0(0-0)","0.1524(0.15-0.16)","NaN(0-1)",1,""
"Bangladesh","IF2",0.03,0,0.1524,1,"1(1-1)","0(0-0)","0.1524(0.15-0.16)","NaN(0-1)",1,""
"Bangladesh","IF2",0.04,0,0.1524,1,"1(1-1)","0(0-0)","0.1524(0.15-0.16)","NaN(0-1)",1,""
"Bangladesh","IF2",0.05,1e-04,0.1525,1,"1(1-1)","1e-04(0-0)","0.1524(0.15-0.16)","1(0.16-1)",0.9999,""
"Bangladesh","IF2",0.06,0.002,0.1544,1,"1(1-1)","0.0024(0-0)","0.1527(0.15-0.16)","1(0.93-1)",0.9976,""
"Bangladesh","IF2",0.07,0.0112,0.1631,0.9984,"0.9984(1-1)","0.0129(0.01-0.01)","0.1539(0.15-0.16)","0.9777(0.95-0.99)",0.9871,""
"Bangladesh","IF2",0.08,0.0347,0.1861,0.997,"0.997(0.99-1)","0.0404(0.04-0.04)","0.1574(0.15-0.16)","0.9868(0.98-0.99)",0.9596,""
"Bangladesh","IF2",0.09,0.0696,0.2202,0.9943,"0.9943(0.99-1)","0.0811(0.08-0.08)","0.1628(0.16-0.17)","0.9874(0.98-0.99)",0.9189,""
"Bangladesh","IF2",0.1,0.1104,0.26,0.9907,"0.9907(0.99-0.99)","0.1286(0.12-0.13)","0.1697(0.16-0.17)","0.9872(0.98-0.99)",0.8714,""
"Bangladesh","IF2",0.11,0.1548,0.3034,0.9877,"0.9877(0.98-0.99)","0.1804(0.18-0.19)","0.1781(0.17-0.18)","0.9879(0.98-0.99)",0.8196,""
"Bangladesh","IF2",0.12,0.1948,0.3422,0.9836,"0.9836(0.98-0.99)","0.2269(0.22-0.23)","0.1862(0.18-0.19)","0.9872(0.98-0.99)",0.7731,""
"Bangladesh","IF2",0.13,0.232,0.378,0.9792,"0.9792(0.97-0.98)","0.2699(0.26-0.28)","0.1943(0.19-0.2)","0.9864(0.98-0.99)",0.7301,""
"Bangladesh","IF2",0.14,0.2642,0.4091,0.9757,"0.9757(0.97-0.98)","0.3073(0.3-0.31)","0.2021(0.2-0.21)","0.986(0.98-0.99)",0.6927,""
"Bangladesh","IF2",0.15,0.2946,0.4387,0.9727,"0.9727(0.97-0.98)","0.3427(0.34-0.35)","0.2101(0.2-0.22)","0.9859(0.98-0.99)",0.6573,""
"Bangladesh","IF2",0.16,0.3197,0.4628,0.9697,"0.9697(0.96-0.98)","0.3717(0.36-0.38)","0.2172(0.21-0.22)","0.9856(0.98-0.99)",0.6283,""
"Bangladesh","IF2",0.17,0.3434,0.4855,0.9664,"0.9664(0.96-0.97)","0.3991(0.39-0.41)","0.2243(0.22-0.23)","0.9851(0.98-0.99)",0.6009,""
"Bangladesh","IF2",0.18,0.3656,0.5062,0.9615,"0.9615(0.95-0.97)","0.4244(0.42-0.43)","0.2309(0.22-0.24)","0.9839(0.98-0.99)",0.5756,""
"Bangladesh","IF2",0.19,0.3852,0.5247,0.9579,"0.9579(0.95-0.96)","0.4469(0.44-0.45)","0.2374(0.23-0.24)","0.9834(0.98-0.99)",0.5531,""
"Bangladesh","IF2",0.2,0.4041,0.5423,0.9536,"0.9536(0.95-0.96)","0.4684(0.46-0.48)","0.2439(0.24-0.25)","0.9825(0.98-0.98)",0.5316,""
"Bangladesh","IF2",0.21,0.4188,0.5554,0.9484,"0.9484(0.94-0.96)","0.4848(0.48-0.49)","0.2487(0.24-0.26)","0.9812(0.98-0.98)",0.5152,"Radiologists' specificity = 0.461(0.454-0.467)"
"Bangladesh","IF2",0.22,0.4322,0.5678,0.9451,"0.9451(0.94-0.95)","0.5(0.49-0.51)","0.2536(0.25-0.26)","0.9806(0.98-0.98)",0.5,""
"Bangladesh","IF2",0.23,0.447,0.5819,0.9427,"0.9427(0.93-0.95)","0.517(0.51-0.52)","0.2597(0.25-0.27)","0.9804(0.98-0.98)",0.483,""
"Bangladesh","IF2",0.24,0.4604,0.5941,0.9386,"0.9386(0.93-0.95)","0.5321(0.53-0.54)","0.2651(0.26-0.27)","0.9797(0.98-0.98)",0.4679,""
"Bangladesh","IF2",0.25,0.4718,0.6044,0.935,"0.935(0.93-0.94)","0.545(0.54-0.55)","0.2698(0.26-0.28)","0.979(0.98-0.98)",0.455,""
"Bangladesh","IF2",0.26,0.4822,0.6138,0.9317,"0.9317(0.92-0.94)","0.5566(0.55-0.56)","0.2742(0.27-0.28)","0.9784(0.98-0.98)",0.4434,""
"Bangladesh","IF2",0.27,0.4912,0.6222,0.9298,"0.9298(0.92-0.94)","0.5669(0.56-0.57)","0.2785(0.27-0.29)","0.9782(0.98-0.98)",0.4331,""
"Bangladesh","IF2",0.28,0.5005,0.6306,0.9271,"0.9271(0.92-0.94)","0.5773(0.57-0.58)","0.2828(0.27-0.29)","0.9778(0.98-0.98)",0.4227,"1/2 Xpert Saved"
"Bangladesh","IF2",0.29,0.509,0.6378,0.9227,"0.9227(0.91-0.93)","0.5866(0.58-0.59)","0.2864(0.28-0.29)","0.9769(0.97-0.98)",0.4134,""
"Bangladesh","IF2",0.3,0.5172,0.6447,0.9181,"0.9181(0.91-0.93)","0.5955(0.59-0.6)","0.2898(0.28-0.3)","0.9759(0.97-0.98)",0.4045,""
"Bangladesh","IF2",0.31,0.5241,0.6508,0.9156,"0.9156(0.91-0.92)","0.6032(0.6-0.61)","0.2932(0.28-0.3)","0.9755(0.97-0.98)",0.3968,""
"Bangladesh","IF2",0.32,0.5305,0.6561,0.9121,"0.9121(0.9-0.92)","0.61(0.6-0.62)","0.296(0.29-0.3)","0.9747(0.97-0.98)",0.39,""
"Bangladesh","IF2",0.33,0.538,0.6616,0.9058,"0.9058(0.9-0.92)","0.6178(0.61-0.62)","0.2987(0.29-0.31)","0.9733(0.97-0.98)",0.3822,""
"Bangladesh","IF2",0.34,0.5438,0.6662,0.9017,"0.9017(0.89-0.91)","0.6239(0.62-0.63)","0.3012(0.29-0.31)","0.9725(0.97-0.98)",0.3761,""
"Bangladesh","IF2",0.35,0.5506,0.6716,0.8971,"0.8971(0.89-0.91)","0.6311(0.62-0.64)","0.3042(0.3-0.31)","0.9715(0.97-0.97)",0.3689,""
"Bangladesh","IF2",0.36,0.5567,0.6759,0.8913,"0.8913(0.88-0.9)","0.6372(0.63-0.64)","0.3064(0.3-0.32)","0.9702(0.97-0.97)",0.3628,""
"Bangladesh","IF2",0.37,0.5629,0.6805,0.8861,"0.8861(0.88-0.9)","0.6436(0.64-0.65)","0.3089(0.3-0.32)","0.9692(0.97-0.97)",0.3564,"Radiologists' specificity = 0.627(0.621-0.634)"
"Bangladesh","IF2",0.38,0.5687,0.6846,0.8804,"0.8804(0.87-0.89)","0.6494(0.64-0.66)","0.311(0.3-0.32)","0.9679(0.96-0.97)",0.3506,""
"Bangladesh","IF2",0.39,0.5751,0.6899,0.8766,"0.8766(0.87-0.89)","0.6563(0.65-0.66)","0.3144(0.31-0.32)","0.9673(0.96-0.97)",0.3437,""
"Bangladesh","IF2",0.4,0.5823,0.6961,0.8733,"0.8733(0.86-0.88)","0.6642(0.66-0.67)","0.3186(0.31-0.33)","0.9668(0.96-0.97)",0.3358,""
"Bangladesh","IF2",0.41,0.5887,0.7013,0.8692,"0.8692(0.86-0.88)","0.6711(0.66-0.68)","0.3221(0.31-0.33)","0.9661(0.96-0.97)",0.3289,""
"Bangladesh","IF2",0.42,0.5948,0.7059,0.8646,"0.8646(0.85-0.88)","0.6774(0.67-0.68)","0.3251(0.32-0.33)","0.9653(0.96-0.97)",0.3226,""
"Bangladesh","IF2",0.43,0.6003,0.71,0.8602,"0.8602(0.85-0.87)","0.683(0.68-0.69)","0.3279(0.32-0.34)","0.9645(0.96-0.97)",0.317,""
"Bangladesh","IF2",0.44,0.607,0.7155,0.8561,"0.8561(0.84-0.87)","0.6902(0.68-0.7)","0.3319(0.32-0.34)","0.9639(0.96-0.97)",0.3098,""
"Bangladesh","IF2",0.45,0.6131,0.7202,0.8512,"0.8512(0.84-0.86)","0.6966(0.69-0.7)","0.3353(0.33-0.34)","0.963(0.96-0.97)",0.3034,""
"Bangladesh","IF2",0.46,0.6187,0.7241,0.846,"0.846(0.83-0.86)","0.7022(0.7-0.71)","0.3381(0.33-0.35)","0.9621(0.96-0.97)",0.2978,""
"Bangladesh","IF2",0.47,0.6251,0.7284,0.8389,"0.8389(0.83-0.85)","0.7085(0.7-0.71)","0.341(0.33-0.35)","0.9607(0.96-0.96)",0.2915,""
"Bangladesh","IF2",0.48,0.6312,0.7325,0.8323,"0.8323(0.82-0.84)","0.7145(0.71-0.72)","0.3439(0.33-0.35)","0.9595(0.96-0.96)",0.2855,""
"Bangladesh","IF2",0.49,0.6362,0.7353,0.825,"0.825(0.81-0.84)","0.7191(0.71-0.73)","0.3456(0.34-0.36)","0.9581(0.95-0.96)",0.2809,""
"Bangladesh","IF2",0.5,0.6423,0.7403,0.8217,"0.8217(0.81-0.83)","0.7257(0.72-0.73)","0.35(0.34-0.36)","0.9577(0.95-0.96)",0.2743,""
"Bangladesh","IF2",0.51,0.6486,0.7449,0.8159,"0.8159(0.8-0.83)","0.7321(0.73-0.74)","0.3538(0.34-0.36)","0.9568(0.95-0.96)",0.2679,""
"Bangladesh","IF2",0.52,0.6544,0.7487,0.8091,"0.8091(0.8-0.82)","0.7378(0.73-0.74)","0.3568(0.35-0.37)","0.9556(0.95-0.96)",0.2622,""
"Bangladesh","IF2",0.53,0.6611,0.753,0.8015,"0.8015(0.79-0.81)","0.7443(0.74-0.75)","0.3604(0.35-0.37)","0.9542(0.95-0.96)",0.2557,""
"Bangladesh","IF2",0.54,0.6681,0.7581,0.7955,"0.7955(0.78-0.81)","0.7514(0.75-0.76)","0.3652(0.35-0.38)","0.9533(0.95-0.96)",0.2486,"2/3 Xpert Saved"
"Bangladesh","IF2",0.55,0.6756,0.7632,0.7873,"0.7873(0.77-0.8)","0.7588(0.75-0.76)","0.3699(0.36-0.38)","0.952(0.95-0.96)",0.2412,""
"Bangladesh","IF2",0.56,0.6825,0.7674,0.7788,"0.7788(0.76-0.79)","0.7654(0.76-0.77)","0.3737(0.36-0.38)","0.9506(0.95-0.95)",0.2346,""
"Bangladesh","IF2",0.57,0.6893,0.7725,0.7731,"0.7731(0.76-0.79)","0.7724(0.77-0.78)","0.3792(0.37-0.39)","0.9498(0.95-0.95)",0.2276,""
"Bangladesh","IF2",0.58,0.6962,0.7764,0.7632,"0.7632(0.75-0.78)","0.7788(0.77-0.78)","0.3828(0.37-0.39)","0.9482(0.94-0.95)",0.2212,""
"Bangladesh","IF2",0.59,0.7039,0.7807,0.752,"0.752(0.74-0.77)","0.7859(0.78-0.79)","0.387(0.38-0.4)","0.9463(0.94-0.95)",0.2141,""
"Bangladesh","IF2",0.6,0.7126,0.7859,0.7406,"0.7406(0.73-0.75)","0.7941(0.79-0.8)","0.3927(0.38-0.4)","0.9445(0.94-0.95)",0.2059,""
"Bangladesh","IF2",0.61,0.7199,0.7904,0.7313,"0.7313(0.72-0.75)","0.801(0.8-0.81)","0.3979(0.39-0.41)","0.9431(0.94-0.95)",0.199,""
"Bangladesh","IF2",0.62,0.7284,0.7961,0.7223,"0.7223(0.71-0.74)","0.8094(0.8-0.81)","0.4052(0.39-0.42)","0.9419(0.94-0.95)",0.1906,""
"Bangladesh","IF2",0.63,0.7362,0.8005,0.7108,"0.7108(0.7-0.73)","0.8166(0.81-0.82)","0.4106(0.4-0.42)","0.9401(0.94-0.94)",0.1834,""
"Bangladesh","IF2",0.64,0.7439,0.8051,0.7007,"0.7007(0.69-0.72)","0.8238(0.82-0.83)","0.417(0.4-0.43)","0.9387(0.94-0.94)",0.1762,""
"Bangladesh","IF2",0.65,0.7524,0.8107,0.6914,"0.6914(0.68-0.71)","0.8321(0.83-0.84)","0.4255(0.41-0.44)","0.9375(0.93-0.94)",0.1679,"3/4 Xpert Saved"
"Bangladesh","IF2",0.66,0.7618,0.8163,0.6789,"0.6789(0.66-0.69)","0.841(0.84-0.85)","0.4342(0.42-0.45)","0.9358(0.93-0.94)",0.159,""
"Bangladesh","IF2",0.67,0.7705,0.8205,0.6641,"0.6641(0.65-0.68)","0.8486(0.84-0.85)","0.441(0.43-0.45)","0.9336(0.93-0.94)",0.1514,""
"Bangladesh","IF2",0.68,0.7803,0.8254,0.6477,"0.6477(0.63-0.66)","0.8573(0.85-0.86)","0.4493(0.44-0.46)","0.9312(0.93-0.93)",0.1427,""
"Bangladesh","IF2",0.69,0.7911,0.83,0.6275,"0.6275(0.61-0.64)","0.8664(0.86-0.87)","0.4578(0.44-0.47)","0.9283(0.92-0.93)",0.1336,""
"Bangladesh","IF2",0.7,0.8007,0.8341,0.6098,"0.6098(0.59-0.63)","0.8745(0.87-0.88)","0.4662(0.45-0.48)","0.9257(0.92-0.93)",0.1255,""
"Bangladesh","IF2",0.71,0.8109,0.8381,0.5893,"0.5893(0.57-0.61)","0.8828(0.88-0.89)","0.4748(0.46-0.49)","0.9228(0.92-0.93)",0.1172,""
"Bangladesh","IF2",0.72,0.8202,0.8415,0.5699,"0.5699(0.55-0.59)","0.8903(0.89-0.89)","0.483(0.47-0.5)","0.9201(0.92-0.92)",0.1097,""
"Bangladesh","IF2",0.73,0.8305,0.8448,0.547,"0.547(0.53-0.56)","0.8984(0.89-0.9)","0.4918(0.48-0.51)","0.9169(0.91-0.92)",0.1016,""
"Bangladesh","IF2",0.74,0.84,0.847,0.5229,"0.5229(0.51-0.54)","0.9053(0.9-0.91)","0.4982(0.48-0.51)","0.9135(0.91-0.92)",0.0947,""
"Bangladesh","IF2",0.75,0.8509,0.8499,0.4965,"0.4965(0.48-0.51)","0.9134(0.91-0.92)","0.5075(0.49-0.52)","0.9098(0.91-0.91)",0.0866,""
"Bangladesh","IF2",0.76,0.8608,0.8524,0.4724,"0.4724(0.46-0.49)","0.9207(0.92-0.92)","0.5172(0.5-0.53)","0.9066(0.9-0.91)",0.0793,""
"Bangladesh","IF2",0.77,0.871,0.8549,0.4473,"0.4473(0.43-0.46)","0.9282(0.92-0.93)","0.5284(0.51-0.55)","0.9033(0.9-0.91)",0.0718,""
"Bangladesh","IF2",0.78,0.8832,0.8569,0.4137,"0.4137(0.4-0.43)","0.9366(0.93-0.94)","0.5397(0.52-0.56)","0.8988(0.89-0.9)",0.0634,""
"Bangladesh","IF2",0.79,0.894,0.8581,0.3823,"0.3823(0.37-0.4)","0.9436(0.94-0.95)","0.5495(0.53-0.57)","0.8947(0.89-0.9)",0.0564,"Radiologists' specificity = 0.89(0.886-0.894)"
"Bangladesh","IF2",0.8,0.9047,0.8602,0.3542,"0.3542(0.34-0.37)","0.9512(0.95-0.95)","0.5661(0.55-0.59)","0.8912(0.89-0.9)",0.0488,""
"Bangladesh","IF2",0.81,0.9149,0.8613,0.3241,"0.3241(0.31-0.34)","0.9579(0.96-0.96)","0.5804(0.56-0.6)","0.8874(0.88-0.89)",0.0421,""
"Bangladesh","IF2",0.82,0.9259,0.8615,0.2886,"0.2886(0.27-0.3)","0.9645(0.96-0.97)","0.5935(0.57-0.62)","0.8829(0.88-0.89)",0.0355,""
"Bangladesh","IF2",0.83,0.935,0.8606,0.2559,"0.2559(0.24-0.27)","0.9693(0.97-0.97)","0.5999(0.58-0.62)","0.8787(0.87-0.88)",0.0306999999999999,""
"Bangladesh","IF2",0.84,0.9447,0.8602,0.2228,"0.2228(0.21-0.24)","0.9748(0.97-0.98)","0.614(0.59-0.64)","0.8746(0.87-0.88)",0.0252,""
"Bangladesh","IF2",0.85,0.9532,0.8591,0.1912,"0.1912(0.18-0.2)","0.9792(0.98-0.98)","0.6228(0.59-0.65)","0.8707(0.87-0.88)",0.0208,""
"Bangladesh","IF2",0.86,0.9613,0.8585,0.1628,"0.1628(0.15-0.18)","0.9836(0.98-0.99)","0.6409(0.61-0.67)","0.8673(0.86-0.87)",0.0164,""
"Bangladesh","IF2",0.87,0.9695,0.8572,0.1316,"0.1316(0.12-0.14)","0.9876(0.99-0.99)","0.6567(0.62-0.69)","0.8635(0.86-0.87)",0.0124,""
"Bangladesh","IF2",0.88,0.9771,0.8552,0.0999,"0.0999(0.09-0.11)","0.991(0.99-0.99)","0.6655(0.62-0.7)","0.8596(0.86-0.86)",0.00900000000000001,""
"Bangladesh","IF2",0.89,0.983,0.8533,0.0743,"0.0743(0.07-0.08)","0.9933(0.99-0.99)","0.6667(0.62-0.71)","0.8565(0.85-0.86)",0.00670000000000004,""
"Bangladesh","IF2",0.9,0.9886,0.8509,0.0483,"0.0483(0.04-0.06)","0.9952(0.99-1)","0.6436(0.58-0.7)","0.8533(0.85-0.86)",0.00480000000000003,""
"Bangladesh","IF2",0.91,0.9918,0.85,0.0347,"0.0347(0.03-0.04)","0.9966(1-1)","0.648(0.58-0.71)","0.8517(0.85-0.86)",0.00339999999999996,""
"Bangladesh","IF2",0.92,0.9948,0.8496,0.0235,"0.0235(0.02-0.03)","0.9981(1-1)","0.688(0.6-0.77)","0.8504(0.85-0.85)",0.00190000000000001,""
"Bangladesh","IF2",0.93,0.9971,0.8489,0.0137,"0.0137(0.01-0.02)","0.999(1-1)","0.7143(0.59-0.82)","0.8493(0.84-0.85)",0.001,""
"Bangladesh","IF2",0.94,0.9985,0.8484,0.0074,"0.0074(0-0.01)","0.9996(1-1)","0.7714(0.6-0.9)","0.8485(0.84-0.85)",0.000399999999999956,""
"Bangladesh","IF2",0.95,0.9995,0.8479,0.0025,"0.0025(0-0)","0.9999(1-1)","0.75(0.43-0.95)","0.8479(0.84-0.85)",9.9999999999989e-05,""
"Bangladesh","IF2",0.96,0.9998,0.8478,0.0014,"0.0014(0-0)","1(1-1)","1(0.48-1)","0.8478(0.84-0.85)",0,""
"Bangladesh","IF2",0.97,1,0.8477,3e-04,"3e-04(0-0)","1(1-1)","1(0.02-1)","0.8476(0.84-0.85)",0,""
"Bangladesh","IF2",0.98,1,0.8476,0,"0(0-0)","1(1-1)","NaN(0-1)","0.8476(0.84-0.85)",0,""
"Bangladesh","IF2",0.99,1,0.8476,0,"0(0-0)","1(1-1)","NaN(0-1)","0.8476(0.84-0.85)",0,""
"Bangladesh","IF2",1,1,0.8476,0,"0(0-0)","1(1-1)","NaN(0-1)","0.8476(0.84-0.85)",0,""
"Bangladesh","Lunit",0,0,0.1524,1,"1(1-1)","0(0-0)","0.1524(0.15-0.16)","NaN(0-1)",1,""
"Bangladesh","Lunit",0.01,0.0197,0.1719,0.9995,"0.9995(1-1)","0.0232(0.02-0.03)","0.1554(0.15-0.16)","0.9958(0.98-1)",0.9768,""
"Bangladesh","Lunit",0.02,0.1895,0.3389,0.9904,"0.9904(0.99-0.99)","0.2218(0.22-0.23)","0.1862(0.18-0.19)","0.9923(0.99-0.99)",0.7782,""
"Bangladesh","Lunit",0.03,0.2754,0.4223,0.9823,"0.9823(0.98-0.99)","0.3217(0.32-0.33)","0.2066(0.2-0.21)","0.9902(0.99-0.99)",0.6783,""
"Bangladesh","Lunit",0.04,0.3262,0.4706,0.9738,"0.9738(0.97-0.98)","0.3801(0.37-0.39)","0.2202(0.21-0.23)","0.9878(0.99-0.99)",0.6199,""
"Bangladesh","Lunit",0.05,0.3649,0.5052,0.9601,"0.9601(0.95-0.97)","0.4234(0.42-0.43)","0.2304(0.22-0.24)","0.9834(0.98-0.99)",0.5766,""
"Bangladesh","Lunit",0.06,0.3869,0.5257,0.9552,"0.9552(0.95-0.96)","0.4484(0.44-0.46)","0.2374(0.23-0.24)","0.9824(0.98-0.98)",0.5516,""
"Bangladesh","Lunit",0.07,0.4011,0.5391,0.9528,"0.9528(0.95-0.96)","0.4647(0.46-0.47)","0.2424(0.24-0.25)","0.9821(0.98-0.98)",0.5353,""
"Bangladesh","Lunit",0.08,0.4129,0.5502,0.9506,"0.9506(0.94-0.96)","0.4783(0.47-0.49)","0.2467(0.24-0.25)","0.9818(0.98-0.98)",0.5217,"Radiologists' specificity = 0.461(0.454-0.467)"
"Bangladesh","Lunit",0.09,0.4217,0.5587,0.9498,"0.9498(0.94-0.96)","0.4884(0.48-0.5)","0.2503(0.24-0.26)","0.9818(0.98-0.98)",0.5116,""
"Bangladesh","Lunit",0.1,0.4299,0.5669,0.9495,"0.9495(0.94-0.96)","0.4982(0.49-0.5)","0.2538(0.25-0.26)","0.9821(0.98-0.98)",0.5018,""
"Bangladesh","Lunit",0.11,0.4371,0.5739,0.9489,"0.9489(0.94-0.96)","0.5065(0.5-0.51)","0.2569(0.25-0.26)","0.9822(0.98-0.98)",0.4935,""
"Bangladesh","Lunit",0.12,0.4429,0.5797,0.9487,"0.9487(0.94-0.96)","0.5133(0.51-0.52)","0.2595(0.25-0.27)","0.9823(0.98-0.98)",0.4867,""
"Bangladesh","Lunit",0.13,0.4477,0.5842,0.9478,"0.9478(0.94-0.95)","0.5188(0.51-0.53)","0.2615(0.25-0.27)","0.9822(0.98-0.98)",0.4812,""
"Bangladesh","Lunit",0.14,0.453,0.5894,0.9473,"0.9473(0.94-0.95)","0.525(0.52-0.53)","0.2639(0.26-0.27)","0.9823(0.98-0.98)",0.475,""
"Bangladesh","Lunit",0.15,0.458,0.5938,0.9454,"0.9454(0.94-0.95)","0.5306(0.52-0.54)","0.2658(0.26-0.27)","0.9818(0.98-0.98)",0.4694,""
"Bangladesh","Lunit",0.16,0.4622,0.5975,0.944,"0.944(0.94-0.95)","0.5352(0.53-0.54)","0.2675(0.26-0.28)","0.9815(0.98-0.98)",0.4648,""
"Bangladesh","Lunit",0.17,0.4654,0.6006,0.9437,"0.9437(0.94-0.95)","0.5389(0.53-0.55)","0.269(0.26-0.28)","0.9816(0.98-0.98)",0.4611,""
"Bangladesh","Lunit",0.18,0.4681,0.6032,0.9432,"0.9432(0.94-0.95)","0.5421(0.54-0.55)","0.2702(0.26-0.28)","0.9815(0.98-0.98)",0.4579,""
"Bangladesh","Lunit",0.19,0.4706,0.6053,0.9421,"0.9421(0.93-0.95)","0.5448(0.54-0.55)","0.2712(0.26-0.28)","0.9813(0.98-0.98)",0.4552,""
"Bangladesh","Lunit",0.2,0.4738,0.6083,0.9416,"0.9416(0.93-0.95)","0.5484(0.54-0.56)","0.2727(0.26-0.28)","0.9812(0.98-0.98)",0.4516,""
"Bangladesh","Lunit",0.21,0.4763,0.6106,0.9407,"0.9407(0.93-0.95)","0.5512(0.54-0.56)","0.2737(0.27-0.28)","0.981(0.98-0.98)",0.4488,""
"Bangladesh","Lunit",0.22,0.4788,0.613,0.9405,"0.9405(0.93-0.95)","0.5541(0.55-0.56)","0.2749(0.27-0.28)","0.9811(0.98-0.98)",0.4459,""
"Bangladesh","Lunit",0.23,0.4824,0.6162,0.9391,"0.9391(0.93-0.95)","0.5582(0.55-0.56)","0.2765(0.27-0.28)","0.9808(0.98-0.98)",0.4418,""
"Bangladesh","Lunit",0.24,0.4855,0.6191,0.9383,"0.9383(0.93-0.95)","0.5617(0.55-0.57)","0.2779(0.27-0.29)","0.9806(0.98-0.98)",0.4383,""
"Bangladesh","Lunit",0.25,0.4875,0.6209,0.9375,"0.9375(0.93-0.95)","0.5639(0.56-0.57)","0.2788(0.27-0.29)","0.9805(0.98-0.98)",0.4361,""
"Bangladesh","Lunit",0.26,0.4908,0.6239,0.9366,"0.9366(0.93-0.94)","0.5676(0.56-0.57)","0.2803(0.27-0.29)","0.9803(0.98-0.98)",0.4324,""
"Bangladesh","Lunit",0.27,0.4935,0.6265,0.9364,"0.9364(0.93-0.94)","0.5708(0.56-0.58)","0.2817(0.27-0.29)","0.9804(0.98-0.98)",0.4292,""
"Bangladesh","Lunit",0.28,0.4964,0.629,0.935,"0.935(0.93-0.94)","0.574(0.57-0.58)","0.283(0.27-0.29)","0.9801(0.98-0.98)",0.426,""
"Bangladesh","Lunit",0.29,0.4996,0.6319,0.9342,"0.9342(0.93-0.94)","0.5776(0.57-0.58)","0.2845(0.28-0.29)","0.9799(0.98-0.98)",0.4224,"1/2 Xpert Saved"
"Bangladesh","Lunit",0.3,0.5022,0.6343,0.9334,"0.9334(0.92-0.94)","0.5805(0.57-0.59)","0.2857(0.28-0.29)","0.9798(0.98-0.98)",0.4195,""
"Bangladesh","Lunit",0.31,0.5046,0.6366,0.9331,"0.9331(0.92-0.94)","0.5832(0.58-0.59)","0.287(0.28-0.3)","0.9798(0.98-0.98)",0.4168,""
"Bangladesh","Lunit",0.32,0.5074,0.639,0.932,"0.932(0.92-0.94)","0.5864(0.58-0.59)","0.2883(0.28-0.3)","0.9796(0.98-0.98)",0.4136,""
"Bangladesh","Lunit",0.33,0.5099,0.6414,0.9315,"0.9315(0.92-0.94)","0.5893(0.58-0.6)","0.2896(0.28-0.3)","0.9795(0.98-0.98)",0.4107,""
"Bangladesh","Lunit",0.34,0.5122,0.6435,0.9306,"0.9306(0.92-0.94)","0.5918(0.58-0.6)","0.2907(0.28-0.3)","0.9794(0.98-0.98)",0.4082,""
"Bangladesh","Lunit",0.35,0.518,0.649,0.9298,"0.9298(0.92-0.94)","0.5985(0.59-0.61)","0.294(0.29-0.3)","0.9794(0.98-0.98)",0.4015,""
"Bangladesh","Lunit",0.36,0.518,0.649,0.9298,"0.9298(0.92-0.94)","0.5985(0.59-0.61)","0.294(0.29-0.3)","0.9794(0.98-0.98)",0.4015,""
"Bangladesh","Lunit",0.37,0.5208,0.6517,0.9293,"0.9293(0.92-0.94)","0.6017(0.6-0.61)","0.2955(0.29-0.3)","0.9793(0.98-0.98)",0.3983,""
"Bangladesh","Lunit",0.38,0.523,0.6538,0.929,"0.929(0.92-0.94)","0.6043(0.6-0.61)","0.2968(0.29-0.31)","0.9793(0.98-0.98)",0.3957,""
"Bangladesh","Lunit",0.39,0.5252,0.6557,0.9279,"0.9279(0.92-0.94)","0.6067(0.6-0.61)","0.2978(0.29-0.31)","0.9791(0.98-0.98)",0.3933,""
"Bangladesh","Lunit",0.4,0.5275,0.6576,0.9268,"0.9268(0.92-0.94)","0.6092(0.6-0.62)","0.2989(0.29-0.31)","0.9789(0.98-0.98)",0.3908,""
"Bangladesh","Lunit",0.41,0.5331,0.6624,0.9244,"0.9244(0.92-0.93)","0.6153(0.61-0.62)","0.3017(0.29-0.31)","0.9784(0.98-0.98)",0.3847,""
"Bangladesh","Lunit",0.42,0.5331,0.6624,0.9244,"0.9244(0.92-0.93)","0.6153(0.61-0.62)","0.3017(0.29-0.31)","0.9784(0.98-0.98)",0.3847,""
"Bangladesh","Lunit",0.43,0.5363,0.6649,0.9222,"0.9222(0.91-0.93)","0.6187(0.61-0.63)","0.303(0.29-0.31)","0.9779(0.98-0.98)",0.3813,""
"Bangladesh","Lunit",0.44,0.5393,0.6675,0.9208,"0.9208(0.91-0.93)","0.622(0.62-0.63)","0.3046(0.3-0.31)","0.9776(0.97-0.98)",0.378,""
"Bangladesh","Lunit",0.45,0.542,0.6696,0.9184,"0.9184(0.91-0.93)","0.6248(0.62-0.63)","0.3056(0.3-0.31)","0.977(0.97-0.98)",0.3752,""
"Bangladesh","Lunit",0.46,0.5448,0.6723,0.9181,"0.9181(0.91-0.93)","0.6281(0.62-0.63)","0.3074(0.3-0.32)","0.9771(0.97-0.98)",0.3719,""
"Bangladesh","Lunit",0.47,0.551,0.6775,0.9151,"0.9151(0.91-0.92)","0.6347(0.63-0.64)","0.3105(0.3-0.32)","0.9765(0.97-0.98)",0.3653,""
"Bangladesh","Lunit",0.48,0.551,0.6775,0.9151,"0.9151(0.91-0.92)","0.6347(0.63-0.64)","0.3105(0.3-0.32)","0.9765(0.97-0.98)",0.3653,""
"Bangladesh","Lunit",0.49,0.5544,0.6805,0.914,"0.914(0.9-0.92)","0.6386(0.63-0.65)","0.3125(0.3-0.32)","0.9764(0.97-0.98)",0.3614,""
"Bangladesh","Lunit",0.5,0.5569,0.6828,0.9132,"0.9132(0.9-0.92)","0.6414(0.63-0.65)","0.314(0.31-0.32)","0.9762(0.97-0.98)",0.3586,""
"Bangladesh","Lunit",0.51,0.5596,0.6852,0.9123,"0.9123(0.9-0.92)","0.6444(0.64-0.65)","0.3157(0.31-0.32)","0.9761(0.97-0.98)",0.3556,""
"Bangladesh","Lunit",0.52,0.5625,0.6878,0.9113,"0.9113(0.9-0.92)","0.6477(0.64-0.65)","0.3174(0.31-0.33)","0.976(0.97-0.98)",0.3523,""
"Bangladesh","Lunit",0.53,0.5658,0.6904,0.9091,"0.9091(0.9-0.92)","0.6511(0.64-0.66)","0.319(0.31-0.33)","0.9755(0.97-0.98)",0.3489,""
"Bangladesh","Lunit",0.54,0.5687,0.693,0.908,"0.908(0.9-0.92)","0.6544(0.65-0.66)","0.3208(0.31-0.33)","0.9753(0.97-0.98)",0.3456,""
"Bangladesh","Lunit",0.55,0.5716,0.6957,0.9072,"0.9072(0.9-0.92)","0.6577(0.65-0.66)","0.3227(0.31-0.33)","0.9752(0.97-0.98)",0.3423,""
"Bangladesh","Lunit",0.56,0.5753,0.6989,0.9055,"0.9055(0.9-0.91)","0.6618(0.66-0.67)","0.3249(0.32-0.33)","0.975(0.97-0.98)",0.3382,""
"Bangladesh","Lunit",0.57,0.5812,0.7038,0.9022,"0.9022(0.89-0.91)","0.6681(0.66-0.67)","0.3283(0.32-0.34)","0.9744(0.97-0.98)",0.3319,""
"Bangladesh","Lunit",0.58,0.5812,0.7038,0.9022,"0.9022(0.89-0.91)","0.6681(0.66-0.67)","0.3283(0.32-0.34)","0.9744(0.97-0.98)",0.3319,""
"Bangladesh","Lunit",0.59,0.5847,0.7067,0.9001,"0.9001(0.89-0.91)","0.6719(0.67-0.68)","0.3303(0.32-0.34)","0.974(0.97-0.98)",0.3281,""
"Bangladesh","Lunit",0.6,0.588,0.7095,0.8987,"0.8987(0.89-0.91)","0.6755(0.67-0.68)","0.3324(0.32-0.34)","0.9737(0.97-0.98)",0.3245,""
"Bangladesh","Lunit",0.61,0.5914,0.7125,0.8973,"0.8973(0.89-0.91)","0.6793(0.67-0.69)","0.3347(0.33-0.34)","0.9735(0.97-0.98)",0.3207,""
"Bangladesh","Lunit",0.62,0.5953,0.716,0.896,"0.896(0.89-0.91)","0.6836(0.68-0.69)","0.3374(0.33-0.35)","0.9734(0.97-0.98)",0.3164,""
"Bangladesh","Lunit",0.63,0.5988,0.7187,0.8935,"0.8935(0.88-0.9)","0.6873(0.68-0.69)","0.3393(0.33-0.35)","0.9729(0.97-0.98)",0.3127,""
"Bangladesh","Lunit",0.64,0.6027,0.7219,0.891,"0.891(0.88-0.9)","0.6915(0.69-0.7)","0.3418(0.33-0.35)","0.9725(0.97-0.98)",0.3085,""
"Bangladesh","Lunit",0.65,0.6069,0.7254,0.8889,"0.8889(0.88-0.9)","0.696(0.69-0.7)","0.3446(0.34-0.35)","0.9721(0.97-0.97)",0.304,""
"Bangladesh","Lunit",0.66,0.61,0.7282,0.8878,"0.8878(0.88-0.9)","0.6995(0.69-0.71)","0.3469(0.34-0.36)","0.972(0.97-0.97)",0.3005,""
"Bangladesh","Lunit",0.67,0.6136,0.7312,0.8859,"0.8859(0.88-0.9)","0.7034(0.7-0.71)","0.3494(0.34-0.36)","0.9717(0.97-0.97)",0.2966,"Radiologists' specificity = 0.627(0.621-0.634)"
"Bangladesh","Lunit",0.68,0.6174,0.734,0.8826,"0.8826(0.87-0.89)","0.7073(0.7-0.71)","0.3515(0.34-0.36)","0.971(0.97-0.97)",0.2927,""
"Bangladesh","Lunit",0.69,0.6252,0.7403,0.8777,"0.8777(0.87-0.89)","0.7156(0.71-0.72)","0.3569(0.35-0.37)","0.9702(0.97-0.97)",0.2844,""
"Bangladesh","Lunit",0.7,0.63,0.744,0.8741,"0.8741(0.86-0.88)","0.7207(0.71-0.73)","0.36(0.35-0.37)","0.9696(0.97-0.97)",0.2793,""
"Bangladesh","Lunit",0.71,0.63,0.744,0.8741,"0.8741(0.86-0.88)","0.7207(0.71-0.73)","0.36(0.35-0.37)","0.9696(0.97-0.97)",0.2793,""
"Bangladesh","Lunit",0.72,0.6352,0.7478,0.8695,"0.8695(0.86-0.88)","0.7259(0.72-0.73)","0.3632(0.35-0.37)","0.9687(0.97-0.97)",0.2741,""
"Bangladesh","Lunit",0.73,0.6401,0.7514,0.8654,"0.8654(0.85-0.88)","0.731(0.72-0.74)","0.3664(0.36-0.38)","0.9679(0.96-0.97)",0.269,""
"Bangladesh","Lunit",0.74,0.6442,0.7549,0.8635,"0.8635(0.85-0.87)","0.7354(0.73-0.74)","0.3698(0.36-0.38)","0.9677(0.96-0.97)",0.2646,""
"Bangladesh","Lunit",0.75,0.6496,0.7591,0.8594,"0.8594(0.85-0.87)","0.7411(0.74-0.75)","0.3738(0.36-0.38)","0.967(0.96-0.97)",0.2589,""
"Bangladesh","Lunit",0.76,0.6551,0.7633,0.8553,"0.8553(0.84-0.87)","0.7468(0.74-0.75)","0.3779(0.37-0.39)","0.9663(0.96-0.97)",0.2532,""
"Bangladesh","Lunit",0.77,0.6611,0.768,0.8509,"0.8509(0.84-0.86)","0.7531(0.75-0.76)","0.3826(0.37-0.39)","0.9656(0.96-0.97)",0.2469,""
"Bangladesh","Lunit",0.78,0.6674,0.7726,0.8452,"0.8452(0.83-0.86)","0.7596(0.75-0.77)","0.3873(0.38-0.4)","0.9646(0.96-0.97)",0.2404,"2/3 Xpert Saved"
"Bangladesh","Lunit",0.79,0.6736,0.7776,0.8413,"0.8413(0.83-0.85)","0.7662(0.76-0.77)","0.3928(0.38-0.4)","0.9641(0.96-0.97)",0.2338,""
"Bangladesh","Lunit",0.8,0.6808,0.7826,0.834,"0.834(0.82-0.85)","0.7733(0.77-0.78)","0.3981(0.39-0.41)","0.9628(0.96-0.97)",0.2267,""
"Bangladesh","Lunit",0.81,0.6889,0.7888,0.828,"0.828(0.82-0.84)","0.7818(0.78-0.79)","0.4055(0.39-0.42)","0.9619(0.96-0.96)",0.2182,""
"Bangladesh","Lunit",0.82,0.7078,0.8036,0.8146,"0.8146(0.8-0.83)","0.8017(0.8-0.81)","0.4247(0.41-0.44)","0.9601(0.96-0.96)",0.1983,""
"Bangladesh","Lunit",0.83,0.7168,0.8096,0.8045,"0.8045(0.79-0.82)","0.8105(0.81-0.82)","0.4329(0.42-0.44)","0.9584(0.96-0.96)",0.1895,""
"Bangladesh","Lunit",0.84,0.7168,0.8096,0.8045,"0.8045(0.79-0.82)","0.8105(0.81-0.82)","0.4329(0.42-0.44)","0.9584(0.96-0.96)",0.1895,""
"Bangladesh","Lunit",0.85,0.7278,0.8169,0.7925,"0.7925(0.78-0.81)","0.8213(0.82-0.83)","0.4436(0.43-0.46)","0.9565(0.95-0.96)",0.1787,""
"Bangladesh","Lunit",0.86,0.7387,0.8239,0.7796,"0.7796(0.77-0.79)","0.8319(0.83-0.84)","0.4547(0.44-0.47)","0.9545(0.95-0.96)",0.1681,""
"Bangladesh","Lunit",0.87,0.752,0.8326,0.7643,"0.7643(0.75-0.78)","0.8449(0.84-0.85)","0.4697(0.46-0.48)","0.9522(0.95-0.96)",0.1551,"3/4 Xpert Saved"
"Bangladesh","Lunit",0.88,0.7653,0.8416,0.7501,"0.7501(0.74-0.76)","0.858(0.85-0.86)","0.4871(0.47-0.5)","0.9503(0.95-0.95)",0.142,""
"Bangladesh","Lunit",0.89,0.7801,0.851,0.7327,"0.7327(0.72-0.75)","0.8723(0.87-0.88)","0.5077(0.49-0.52)","0.9478(0.94-0.95)",0.1277,""
"Bangladesh","Lunit",0.9,0.796,0.8613,0.7144,"0.7144(0.7-0.73)","0.8877(0.88-0.89)","0.5336(0.52-0.55)","0.9453(0.94-0.95)",0.1123,""
"Bangladesh","Lunit",0.91,0.8118,0.8683,0.6854,"0.6854(0.67-0.7)","0.9012(0.9-0.91)","0.5551(0.54-0.57)","0.941(0.94-0.94)",0.0988,""
"Bangladesh","Lunit",0.92,0.8286,0.8754,0.6535,"0.6535(0.64-0.67)","0.9153(0.91-0.92)","0.5811(0.57-0.6)","0.9363(0.93-0.94)",0.0847,""
"Bangladesh","Lunit",0.93,0.8472,0.8819,0.6139,"0.6139(0.6-0.63)","0.9301(0.93-0.93)","0.6124(0.6-0.63)","0.9306(0.93-0.93)",0.0699,""
"Bangladesh","Lunit",0.94,0.8847,0.8892,0.5147,"0.5147(0.5-0.53)","0.9566(0.95-0.96)","0.6805(0.66-0.7)","0.9164(0.91-0.92)",0.0434,""
"Bangladesh","Lunit",0.95,0.9061,0.8885,0.4421,"0.4421(0.43-0.46)","0.9687(0.97-0.97)","0.7176(0.7-0.74)","0.9062(0.9-0.91)",0.0313,""
"Bangladesh","Lunit",0.96,0.9061,0.8885,0.4421,"0.4421(0.43-0.46)","0.9687(0.97-0.97)","0.7176(0.7-0.74)","0.9062(0.9-0.91)",0.0313,""
"Bangladesh","Lunit",0.97,0.93,0.883,0.346,"0.346(0.33-0.36)","0.9796(0.98-0.98)","0.7528(0.73-0.77)","0.8928(0.89-0.9)",0.0204,"Radiologists' specificity = 0.89(0.886-0.894)"
"Bangladesh","Lunit",0.98,0.9542,0.874,0.2368,"0.2368(0.22-0.25)","0.9886(0.99-0.99)","0.7882(0.76-0.81)","0.8781(0.87-0.88)",0.0114,""
"Bangladesh","Lunit",0.99,0.9784,0.8607,0.1139,"0.1139(0.1-0.12)","0.9949(0.99-1)","0.8019(0.76-0.84)","0.862(0.86-0.87)",0.00509999999999999,""
"Bangladesh","Lunit",1,0.9984,0.8486,0.0085,"0.0085(0.01-0.01)","0.9997(1-1)","0.8158(0.66-0.92)","0.8487(0.84-0.85)",0.000299999999999967,""
